keyword,repository,created_at,topic,,,,,,,,,,,,,,,,,,,,,,,,,,,,,,,,,,,,,,,,,,,,,,,,,,,,,,,,,,,,,,,,,,,,,,,
flight,cleanflight/cleanflight,2013-03-27T23:49:19Z,quadcopter,flight,cleanflight,embedded,inav,betaflight,firmware,controller,version,flight-controller,quadcopter,flight,cleanflight,embedded,inav,betaflight,firmware,controller,version,clean-code,flight-controller,,,,,,,,,,,,,,,,,,,,,,,,,,,,,,,,,,,,,,,,,,,,,,,,,,,
flight,andybarry/flight,2014-02-07T19:02:42Z,project,code,code,group,robot,project,flight,mit,,,,,,,,,,,,,,,,,,,,,,,,,,,,,,,,,,,,,,,,,,,,,,,,,,,,,,,,,,,,,,,,
fashion,bobbens/cvpr2016_stylenet,2016-06-27T02:44:38Z,paper,styles,2016,styles,code,cvpr,paper,2016,fashion,,,,,,,,,,,,,,,,,,,,,,,,,,,,,,,,,,,,,,,,,,,,,,,,,,,,,,,,,,,,,,,
car,devcxm/iOS-Images-Extractor,2015-06-02T05:42:43Z,files,ipa,car,app,apps,jpg,decode,images,extract,support,png,files,ipa,assets,apps,app,ios,jpg,decode,mac,car,images,extract,support,png,,,,,,,,,,,,,,,,,,,,,,,,,,,,,,,,,,,,,,,,,,,,,,,
car,steventroughtonsmith/cartool,2013-09-11T01:18:35Z,images,car,archives,coreui,car,ios,export,archives,images,x,os,,,,,,,,,,,,,,,,,,,,,,,,,,,,,,,,,,,,,,,,,,,,,,,,,,,,,,,,,,,,,
fashion,liuziwei7/fashion-detection,2017-05-05T14:04:40Z,computer-vision,vision-for-fashion,clothes-detector,deep-learning,clothes-detection,detection,computer-vision,vision-for-fashion,deep,deep-learning,fashion,clothes-detector,clothes-detection,detector,,,,,,,,,,,,,,,,,,,,,,,,,,,,,,,,,,,,,,,,,,,,,,,,,,,,,,,,,,
fashion,liuziwei7/fashion-landmarks,2017-02-18T13:31:04Z,landmark-detection,computer-vision,vision-for-fashion,deep-learning,landmark-detection,computer-vision,vision-for-fashion,detection,deep-learning,fashion,landmark,,,,,,,,,,,,,,,,,,,,,,,,,,,,,,,,,,,,,,,,,,,,,,,,,,,,,,,,,,,,,
car,udacity/self-driving-car-sim,2017-02-08T03:31:26Z,car,simulator,car,unity,simulator,,,,,,,,,,,,,,,,,,,,,,,,,,,,,,,,,,,,,,,,,,,,,,,,,,,,,,,,,,,,,,,,,,,
car,Azure-Samples/MyDriving,2016-02-09T14:58:37Z,features,show,process,app,sample,trends,solutions,telemetry,current,application,version,analyze,real-time,services,data,insights,mobile,patterns,range,car,fun,features,show,process,app,sample,trends,solutions,patterns,telemetry,current,application,version,build,analyze,iot,fun,real-time,services,data,insights,mobile,range,car,azure,,,,,,,,,,,,,,,,,,,,,,,,,,,
ship,ircmaxell/password_compat,2012-06-25T14:21:11Z,5,functions,ship,functions,ship,5,compatibility,,,,,,,,,,,,,,,,,,,,,,,,,,,,,,,,,,,,,,,,,,,,,,,,,,,,,,,,,,,,,,,,,
fashion,TGMPA/TGM-Plugin-Activation,2011-09-29T13:51:03Z,bulk,functions,fashion,internet,users,reference,singular,update,library,themes,classes,install,plugins,interfaces,require,native,fashion,reference,plugins,library,themes,native,functions,wordpress,internet,users,repository,singular,interfaces,update,bulk,plugin,require,classes,install,,,,,,,,,,,,,,,,,,,,,,,,,,,,,,,,,,,,,
flight,jpatokal/openflights,2015-06-05T11:01:21Z,information,statistics,flight,paths,route,airport,free,rendering,map,zoomable,world,data,airline,website,information,statistics,flight,paths,route,airport,free,rendering,map,zoomable,world,data,airline,,,,,,,,,,,,,,,,,,,,,,,,,,,,,,,,,,,,,,,,,,,,,
flight,multiwii/baseflight,2012-09-05T15:27:39Z,fork,flight,firmware,controller,bit,fork,flight,firmware,controller,rc,bit,,,,,,,,,,,,,,,,,,,,,,,,,,,,,,,,,,,,,,,,,,,,,,,,,,,,,,,,,,,,,
flight,psas/av3-fc,2013-02-23T08:03:00Z,computer,flight,computer,flight,event,,,,,,,,,,,,,,,,,,,,,,,,,,,,,,,,,,,,,,,,,,,,,,,,,,,,,,,,,,,,,,,,,,,
flight,AeroQuad/AeroQuad,2010-11-19T09:27:21Z,flight,software,,,,,,,,,,,,,,,,,,,,,,,,,,,,,,,,,,,,,,,,,,,,,,,,,,,,,,,,,,,,,,,,,,,,,,
flight,Crazepony/crazepony-firmware-none,2014-05-30T09:46:14Z,control,source,code,flight,control,source,code,flight,rtos,,,,,,,,,,,,,,,,,,,,,,,,,,,,,,,,,,,,,,,,,,,,,,,,,,,,,,,,,,,,,,,
car,CANBus-Triple/CANBus-Triple,2013-07-17T01:02:17Z,car,hacking,platform,car,canbus,hacking,platform,,,,,,,,,,,,,,,,,,,,,,,,,,,,,,,,,,,,,,,,,,,,,,,,,,,,,,,,,,,,,,,,,
fashion,rampantpixels/foundation_lib,2013-01-14T11:56:43Z,foundation,c,fashion,applications,platform-independent,support,basic,domain,cross-platform,write,platform,games,library,data,public,types,functions,foundation,fashion,applications,platform-independent,support,basic,domain,cross-platform,write,platform,games,library,data,public,types,functions,,,,,,,,,,,,,,,,,,,,,,,,,,,,,,,,,,,,,,,
flight,d-ronin/dRonin,2015-10-04T01:13:04Z,quadcopter,quadrotor,openpilot,flight,autotune,fpv,plane,uav,autopilot,controller,drone,hexacopter,navigation-functionality,helicopter,multirotor,software,quadcopter,quadrotor,openpilot,flight,autotune,fpv,plane,uav,autopilot,controller,drone,hexacopter,navigation-functionality,helicopter,multirotor,software,,,,,,,,,,,,,,,,,,,,,,,,,,,,,,,,,,,,,,,,
flight,satellogic/canopus,2013-09-26T03:50:47Z,framework,computer,flight,platform,software,framework,computer,flight,platform,software,,,,,,,,,,,,,,,,,,,,,,,,,,,,,,,,,,,,,,,,,,,,,,,,,,,,,,,,,,,,,,
flight,nasa/XPlaneConnect,2014-10-22T22:10:26Z,flight,simulator,research,tool,flight,simulator,tool,research,communications,toolbox,,,,,,,,,,,,,,,,,,,,,,,,,,,,,,,,,,,,,,,,,,,,,,,,,,,,,,,,,,,,,,
car,tianziyao/Extract,2016-11-04T21:25:47Z,car,app,ipa,ui,,,,,,,,,,,,,,,,,,,,,,,,,,,,,,,,,,,,,,,,,,,,,,,,,,,,,,,,,,,,,,,,,,,,
flight,cleanflight/blackbox-tools,2015-01-06T22:36:35Z,flight,blackbox,logs,flight,blackbox,tools,logs,,,,,,,,,,,,,,,,,,,,,,,,,,,,,,,,,,,,,,,,,,,,,,,,,,,,,,,,,,,,,,,,,
fashion,jpr5/ngrep,2009-12-30T08:14:15Z,grepping,layer,fashion,packet,sniffer,types,tools,sniffing,network,payloads,tcpdump,match,tool,interface,data,protocols,grep,like,packets,filter,common,logic,hexadecimal,expression,grepping,layer,fashion,tcp,types,tools,sniffing,network,ipv4,tcpdump,match,payloads,udp,tool,packet,interface,data,sniffer,protocols,grep,like,gnu,bpf,packets,filter,common,logic,hexadecimal,expression,,,,,,,,,,,,,,,,,,,
car,sunfounder/Sunfounder_Smart_Video_Car_Kit_for_RaspberryPi,2015-04-29T06:43:28Z,pi,car,video,raspberry,smart,,,,,,,,,,,,,,,,,,,,,,,,,,,,,,,,,,,,,,,,,,,,,,,,,,,,,,,,,,,,,,,,,,,
car,duraki/virtualcar,2016-03-26T19:44:50Z,linux-kernel,car,canbus,virtual,automobiles,ecu,download,linux-kernel,car,canbus,virtual,automobiles,ecu,download,,,,,,,,,,,,,,,,,,,,,,,,,,,,,,,,,,,,,,,,,,,,,,,,,,,,,,,,,,
car,pires/android-obd-reader,2012-05-18T15:28:22Z,java,application,car,onboard-diagnostics,pure,android,onboard-diagnostics,car,pid,application,api,pure,reader,android,,,,,,,,,,,,,,,,,,,,,,,,,,,,,,,,,,,,,,,,,,,,,,,,,,,,,,,,,,
fashion,square/pollexor,2012-07-17T18:06:03Z,fashion,service,image,fluent,client,build,expressive,fashion,service,api,image,fluent,client,build,expressive,,,,,,,,,,,,,,,,,,,,,,,,,,,,,,,,,,,,,,,,,,,,,,,,,,,,,,,,,
car,pires/obd-java-api,2013-09-21T10:43:34Z,onboard-diagnostics,obd,java,car,onboard-diagnostics,obd,api,car,,,,,,,,,,,,,,,,,,,,,,,,,,,,,,,,,,,,,,,,,,,,,,,,,,,,,,,,,,,,,,,,
car,qyxxjd/CarAssistant,2016-05-22T11:17:35Z,consumers,car,chart,rxjava2,record,butterknife,dagger2,assistant,sqlbrite,android,consumers,car,chart,rxjava2,record,butterknife,dagger2,assistant,sqlbrite,android,,,,,,,,,,,,,,,,,,,,,,,,,,,,,,,,,,,,,,,,,,,,,,,,,,,,
flight,ryanhoo/fir.flight,2016-04-05T03:39:56Z,fir,service,app,testing,version,im,distribution,android,fir,flight,service,app,testing,distribution,version,im,test,android,,,,,,,,,,,,,,,,,,,,,,,,,,,,,,,,,,,,,,,,,,,,,,,,,,,,,,
fashion,birajpatel/GridListViewAdapters,2014-09-14T18:08:41Z,widget,fashion,features,bind,library,grid,android,data,card,widget,fashion,features,bind,library,grid,android,listview,data,card,,,,,,,,,,,,,,,,,,,,,,,,,,,,,,,,,,,,,,,,,,,,,,,,,,,,,
car,amanjeetsingh150/UberCarAnimation,2017-07-22T20:40:51Z,uber,map,android-animation,car,demo,app,value-animator,like,animations,android,movement,uber,map,android-animation,car,demo,app,value-animator,like,animations,android,movement,,,,,,,,,,,,,,,,,,,,,,,,,,,,,,,,,,,,,,,,,,,,,,,,,,
fashion,nicolasjafelle/ExpandableView,2015-05-27T02:42:57Z,content,fashion,content,fashion,view,,,,,,,,,,,,,,,,,,,,,,,,,,,,,,,,,,,,,,,,,,,,,,,,,,,,,,,,,,,,,,,,,,,
fashion,adempiere/adempiere,2015-01-08T01:15:53Z,fashion,open,scm,fashion,erp,business,pos,community,focus,matter,suite,open,crm,,,,,,,,,,,,,,,,,,,,,,,,,,,,,,,,,,,,,,,,,,,,,,,,,,,,,,,,,,,
fashion,Marlinski/Rumble,2015-08-24T11:21:57Z,sharing,messages,pictures,paradigm,sharing,messages,delay,fashion,internet,forward,pictures,paradigm,,,,,,,,,,,,,,,,,,,,,,,,,,,,,,,,,,,,,,,,,,,,,,,,,,,,,,,,,,,,
flight,chrishantha/jfr-flame-graph,2015-04-22T08:02:29Z,convert,format,convert,flight,dump,get,format,sampling,recorder,method,,,,,,,,,,,,,,,,,,,,,,,,,,,,,,,,,,,,,,,,,,,,,,,,,,,,,,,,,,,,,,
ship,jagregory/shiro-freemarker-tags,2011-07-07T20:25:42Z,ship,mirroring,tags,tags,mirroring,jsp,apache,ship,shiro,,,,,,,,,,,,,,,,,,,,,,,,,,,,,,,,,,,,,,,,,,,,,,,,,,,,,,,,,,,,,,,
manufacturing,metasfresh/metasfresh,2015-10-06T15:38:11Z,manufacturing,management,erp,business,invoices,metasfresh,gitter,postgresql,accounting,java,crm,orders,midsize-companies,inventory,manufacturing,software,management,erp,business,invoices,metasfresh,gitter,postgresql,accounting,crm,orders,midsize-companies,inventory,,,,,,,,,,,,,,,,,,,,,,,,,,,,,,,,,,,,,,,,,,,,
fashion,ykameshrao/spring-mvc-angular-js-hibernate-bootstrap-java-single-page-jwt-auth-rest-api-webapp-framework,2015-12-11T02:14:54Z,code,simple,spring,sample,fashion,angularjs,controllers,technology,web,use,entities,classes,easy,hibernate,models,framework,services,data,projects,exception,handling,repositories,project,mvc,clean,code,jwt,simple,spring,sample,fashion,angularjs,controllers,technology,angular,web,jpa,twitter,entities,authentication,classes,easy,app,hibernate,models,use,js,framework,services,data,projects,exception,handling,twiiter,bootstrap,repositories,project,token,mvc,ui,page,,,,,,,,,,,
car,sytolk/TaxiAndroidOpen,2013-12-04T10:41:34Z,status,information,taxi-company,show,companies,communicate,request,send,back,application,client,time,services,car,status,information,taxi-company,show,companies,communicate,request,send,back,application,client,time,services,restful,car,,,,,,,,,,,,,,,,,,,,,,,,,,,,,,,,,,,,,,,,,,,
manufacturing,qcadoo/mes,2010-11-16T13:01:36Z,web,java,tomcat,mrp,manufacturing,web-application,software,web,tomcat,mrp,manufacturing,web-application,software,,,,,,,,,,,,,,,,,,,,,,,,,,,,,,,,,,,,,,,,,,,,,,,,,,,,,,,,,,,
car,bherrmann7/Car-Cast,2010-01-03T01:43:45Z,large,use,features,downloader,simple,text,daily,buttons,player,location,podcast,com,cc,buttons,use,features,downloader,simple,car,daily,player,cast,optimized,text,location,large,android,podcast,com,cc,,,,,,,,,,,,,,,,,,,,,,,,,,,,,,,,,,,,,,,,,,
manufacturing,Traumflug/Visolate,2012-04-13T21:46:50Z,calculation,boards,isolation,graphics,feature,drivers,application,computer,circuit,manufacturing,screen,features,calculation,boards,isolation,graphics,feature,drivers,application,computer,circuit,3d,manufacturing,screen,features,,,,,,,,,,,,,,,,,,,,,,,,,,,,,,,,,,,,,,,,,,,,,,,
car,insidegui/AssetCatalogTinkerer,2014-03-04T15:05:39Z,files,macos,developer-tools,quicklook-plugin,open,app,ios,browse,objective-c,asset-catalog,car,images,extract,swift,quicklook,files,macos,developer-tools,quicklook-plugin,open,app,ios,browse,asset-catalog,car,images,extract,quicklook,,,,,,,,,,,,,,,,,,,,,,,,,,,,,,,,,,,,,,,,,,,,
car,eleks/rnd-apple-watch-tesla,2015-01-27T09:22:43Z,control,application,control,apple,tesla,car,watch,application,,,,,,,,,,,,,,,,,,,,,,,,,,,,,,,,,,,,,,,,,,,,,,,,,,,,,,,,,,,,,,,,
car,alexzielenski/ThemeEngine,2014-08-08T05:53:26Z,edit,compiled,files,car,files,edit,car,app,compiled,x,os,,,,,,,,,,,,,,,,,,,,,,,,,,,,,,,,,,,,,,,,,,,,,,,,,,,,,,,,,,,,,
fashion,akosma/async-uitableview,2009-03-08T18:48:38Z,load,feed,fashion,project,asynchronous,images,public,load,project,fashion,sample,asynchronous,uitableview,images,flickr,public,feed,rss,,,,,,,,,,,,,,,,,,,,,,,,,,,,,,,,,,,,,,,,,,,,,,,,,,,,,,
car,smartdevicelink/sdl_ios,2014-10-08T12:57:22Z,users,carthage,car,app,ios,smartdevicelink,connectivity,objective-c,cocoapods,oem,sdl,swift,make,like,users,carthage,car,app,get,ios,smartdevicelink,connectivity,cocoapods,oem,sdl,make,like,,,,,,,,,,,,,,,,,,,,,,,,,,,,,,,,,,,,,,,,,,,,,
car,ZeroJian/SmoothMovingAnnotation,2016-08-10T18:07:14Z,uber,car,like,,,,,,,,,,,,,,,,,,,,,,,,,,,,,,,,,,,,,,,,,,,,,,,,,,,,,,,,,,,,,,,,,,,,,
car,antonyraphel/ARCarMovement,2017-05-10T05:06:34Z,uber,ola,google,old,move,coordinates,car-moves,direction-maps,markers,new,app,movement,map,viewcontroller,moving,google-maps,car,value,datasource,navigation,example,uber,ola,google,old,move,coordinates,marker,car-moves,direction-maps,markers,new,app,movement,map,viewcontroller,moving,google-maps,car,value,datasource,navigation,example,,,,,,,,,,,,,,,,,,,,,,,,,,,,,
car,zyafa/iOSCar,2014-01-28T18:05:45Z,mode,simulator,car,tool,ios,mode,,,,,,,,,,,,,,,,,,,,,,,,,,,,,,,,,,,,,,,,,,,,,,,,,,,,,,,,,,,,,,,,,,
car,azamsharp/Desert-Race,2011-05-23T20:33:58Z,car,game,scrolling,tiled,vertical,,,,,,,,,,,,,,,,,,,,,,,,,,,,,,,,,,,,,,,,,,,,,,,,,,,,,,,,,,,,,,,,,,,
flight,der-On/XPlane2Blender,2010-08-10T05:48:50Z,import,export,scripts,flight,simulator,cockpit,export,scripts,import,blender,,,,,,,,,,,,,,,,,,,,,,,,,,,,,,,,,,,,,,,,,,,,,,,,,,,,,,,,,,,,,,
fashion,thedillonb/RepoStumble,2014-06-28T15:32:49Z,mobile,application,fashion,repositories,github,mobile,repositories,application,fashion,,,,,,,,,,,,,,,,,,,,,,,,,,,,,,,,,,,,,,,,,,,,,,,,,,,,,,,,,,,,,,,
ship,kerryjiang/LogMaster4Net,2014-09-14T07:18:48Z,central,log,locations,server,applications,place,ship,logs,central,log,locations,server,applications,place,ship,logs,,,,,,,,,,,,,,,,,,,,,,,,,,,,,,,,,,,,,,,,,,,,,,,,,,,,,,,,
car,tawnkramer/sdsandbox,2017-01-14T23:54:45Z,training,simulator,python,car,sandbox,simulation,prediction-server,unity,neural-network,tensorflow,training,simulator,car,keras,sandbox,simulation,prediction-server,unity,neural-network,tensorflow,,,,,,,,,,,,,,,,,,,,,,,,,,,,,,,,,,,,,,,,,,,,,,,,,,,,
flight,NPBruce/valkyrie,2016-08-16T02:51:07Z,fantasy,games,flight,board,,,,,,,,,,,,,,,,,,,,,,,,,,,,,,,,,,,,,,,,,,,,,,,,,,,,,,,,,,,,,,,,,,,,
ship,kevinobee/Sitecore.Ship,2013-05-17T13:40:53Z,layer,service,ship,layer,ci,service,,,,,,,,,,,,,,,,,,,,,,,,,,,,,,,,,,,,,,,,,,,,,,,,,,,,,,,,,,,,,,,,,,
car,jongallant/CarSimulator,2017-01-24T18:20:51Z,unity,physics-simulation,simulation,2d,physics-simulation,simulator,car,top,simulation,unity,,,,,,,,,,,,,,,,,,,,,,,,,,,,,,,,,,,,,,,,,,,,,,,,,,,,,,,,,,,,,,
manufacturing,inoerp/inoERP,2014-01-30T09:46:28Z,management,lightweight,features,service,databases,system,source,running,enterprise,organization,manufacturing,open,distribution,features,lightweight,mysql,sap,open,management,service,source,system,application,mariadb,enterprise,running,manufacturing,distribution,erp,fusion,databases,oracle,organization,cms,,,,,,,,,,,,,,,,,,,,,,,,,,,,,,,,,,,,,,
flight,Ysurac/FlightAirMap,2014-10-15T13:43:24Z,vatsim,acars,map,vessel,flight,ship,txt,phpvms,use,statistics,airport,source,live,tracker,glidernet,ads-b,datasource,sbs,crash,format,cesium,aircraft,data,search,modes,trackers,database,3d-map,project,metar,airline,notam,ivao,vatsim,acars,map,ais,aprs,vessel,flight,ship,txt,open,project,use,statistics,browse,airport,source,live,tracker,glidernet,2d,ads-b,3d,sbs,crash,format,cesium,aircraft,data,search,modes,trackers,database,3d-map,phpvms,metar,datasource,airline,notam,ivao
ship,Ysurac/FlightAirMap,2014-10-15T13:43:24Z,vatsim,acars,map,vessel,flight,ship,txt,phpvms,use,statistics,airport,source,live,tracker,glidernet,ads-b,datasource,sbs,crash,format,cesium,aircraft,data,search,modes,trackers,database,3d-map,project,metar,airline,notam,ivao,vatsim,acars,map,ais,aprs,vessel,flight,ship,txt,open,project,use,statistics,browse,airport,source,live,tracker,glidernet,2d,ads-b,3d,sbs,crash,format,cesium,aircraft,data,search,modes,trackers,database,3d-map,phpvms,metar,datasource,airline,notam,ivao
fashion,inpsyde/WP-REST-Starter,2016-07-14T14:22:53Z,php7,package,rest-api,object-oriented,fashion,wordpress,oop,composer-package,php,php7,package,rest-api,rest,object-oriented,api,wordpress,oop,composer-package,fashion,starter,,,,,,,,,,,,,,,,,,,,,,,,,,,,,,,,,,,,,,,,,,,,,,,,,,,,
flight,sunspikes/php-amadeus,2011-07-19T04:08:30Z,flight-booking,flight,client,amadeus,php,soap,flight-booking,flight,client,amadeus,soap,,,,,,,,,,,,,,,,,,,,,,,,,,,,,,,,,,,,,,,,,,,,,,,,,,,,,,,,,,,,,
manufacturing,xtuple/xtuple,2013-02-11T13:33:14Z,layer,code,invoices,app,sales,edition,accounting,orders,plpgsql,web,management,business,application,plv8,xtuple,source,inventory,schema,core,repository,javascript,js,framework,postgresql,manufacturing,b2c,b2b,erp,database,rest-api,e-commerce,client,datasource,crm,layer,code,invoices,app,sales,rest,edition,api,accounting,orders,web,management,business,application,plv8,xtuple,source,inventory,schema,node,core,repository,js,framework,postgresql,manufacturing,b2c,b2b,erp,database,rest-api,e-commerce,client,datasource,crm,,,
car,bastibl/gr-keyfob,2015-06-23T09:09:52Z,wireless,car,key,wireless,car,key,,,,,,,,,,,,,,,,,,,,,,,,,,,,,,,,,,,,,,,,,,,,,,,,,,,,,,,,,,,,,,,,,,
ship,h2non/nar,2014-01-05T21:26:31Z,node,binary,executable,container,portable,embedded,nodejs,create,js,self-executable,application,applications,ship,archive,like,node,binary,executable,container,portable,embedded,nodejs,create,js,self-executable,application,applications,ship,archive,like,,,,,,,,,,,,,,,,,,,,,,,,,,,,,,,,,,,,,,,,,,
car,PolySync/oscc,2016-11-08T00:42:23Z,control,source,open,car,,,,,,,,,,,,,,,,,,,,,,,,,,,,,,,,,,,,,,,,,,,,,,,,,,,,,,,,,,,,,,,,,,,,
manufacturing,firepick-delta/firepick-delta,2014-06-28T00:34:02Z,specifications,manufacturing,design,delta,,,,,,,,,,,,,,,,,,,,,,,,,,,,,,,,,,,,,,,,,,,,,,,,,,,,,,,,,,,,,,,,,,,,
flight,HexAirbot/HexNanoMWC_HEX,2013-11-16T05:16:46Z,control,hex,flight,board,control,hex,flight,board,,,,,,,,,,,,,,,,,,,,,,,,,,,,,,,,,,,,,,,,,,,,,,,,,,,,,,,,,,,,,,,,
manufacturing,hzeller/ldgraphy,2016-12-30T23:55:26Z,manufacturing,simple,pcb,manufacturing,laser,,,,,,,,,,,,,,,,,,,,,,,,,,,,,,,,,,,,,,,,,,,,,,,,,,,,,,,,,,,,,,,,,,,
ship,thomasdavis/backbonetutorials,2011-03-31T04:43:47Z,web,scale,useful,javascript,apps,ship,large,applications,developers,page,resources,web,scale,useful,apps,ship,large,applications,developers,page,resources,,,,,,,,,,,,,,,,,,,,,,,,,,,,,,,,,,,,,,,,,,,,,,,,,,,
car,red42/HTML5_Genetic_Cars,2013-07-03T00:19:27Z,car,canvas,algorithm,car,canvas,html5,algorithm,,,,,,,,,,,,,,,,,,,,,,,,,,,,,,,,,,,,,,,,,,,,,,,,,,,,,,,,,,,,,,,,,
fashion,codrops/Baraja,2012-11-13T12:09:03Z,available,fashion,like,plugin,deck,move,example,elements,moving,cards,table,create,options,jquery,available,elements,like,plugin,deck,move,example,fashion,moving,cards,table,create,options,,,,,,,,,,,,,,,,,,,,,,,,,,,,,,,,,,,,,,,,,,,,,
ship,jkingyens/docker4xcode,2015-06-16T20:29:29Z,docker,ship,apps,like,containers,like,ios,apps,build,ship,docker,containers,,,,,,,,,,,,,,,,,,,,,,,,,,,,,,,,,,,,,,,,,,,,,,,,,,,,,,,,,,,,
ship,NTaylorMullen/ShootR,2012-09-17T18:27:03Z,ship,game,framework,space,space,multiplayer,signalr,game,framework,ship,,,,,,,,,,,,,,,,,,,,,,,,,,,,,,,,,,,,,,,,,,,,,,,,,,,,,,,,,,,,,,
flight,eschnou/ardrone-webflight,2013-05-18T19:29:41Z,flight,features,face,recording,application,video,plugins,autonomous,recognition,browser,flight,features,face,drone,recording,application,ar,video,plugins,pilot,autonomous,recognition,browser,,,,,,,,,,,,,,,,,,,,,,,,,,,,,,,,,,,,,,,,,,,,,,,,,
flight,eschnou/ardrone-autonomy,2013-06-04T19:38:32Z,flight,create,applications,key,blocks,autonomous,flight,create,drone,applications,ar,key,blocks,autonomous,,,,,,,,,,,,,,,,,,,,,,,,,,,,,,,,,,,,,,,,,,,,,,,,,,,,,,,,,,
flight,sebmatton/jQuery-Flight-Indicators,2014-04-01T16:55:31Z,css3,vector,flight,html,images,quality,display,css3,jquery,vector,flight,plugin,svg,images,quality,display,,,,,,,,,,,,,,,,,,,,,,,,,,,,,,,,,,,,,,,,,,,,,,,,,,,,,,,,
car,emilybache/Racing-Car-Katas,2013-06-12T17:48:00Z,car,theme,code,racing,car,code,racing,theme,,,,,,,,,,,,,,,,,,,,,,,,,,,,,,,,,,,,,,,,,,,,,,,,,,,,,,,,,,,,,,,,
flight,flightjs/example-app,2013-06-28T06:06:15Z,application,example,application,flight,example,,,,,,,,,,,,,,,,,,,,,,,,,,,,,,,,,,,,,,,,,,,,,,,,,,,,,,,,,,,,,,,,,,,
fashion,lele85/ReactGallery,2013-12-27T13:53:41Z,fashion,websocket,fashion,websocket,image,reactjs,gallery,,,,,,,,,,,,,,,,,,,,,,,,,,,,,,,,,,,,,,,,,,,,,,,,,,,,,,,,,,,,,,,,,
car,domasx2/gamejs-box2d-car-example,2011-06-29T21:38:05Z,box2d,car,top,game,example,box2d,car,top,game,example,,,,,,,,,,,,,,,,,,,,,,,,,,,,,,,,,,,,,,,,,,,,,,,,,,,,,,,,,,,,,,
fashion,Morriz/backbone-everywhere,2011-08-17T04:29:57Z,fashion,demo,backbone,server,client,fashion,demo,backbone,server,client,,,,,,,,,,,,,,,,,,,,,,,,,,,,,,,,,,,,,,,,,,,,,,,,,,,,,,,,,,,,,,
car,watson/monster-drift,2017-01-20T11:07:28Z,car,radio,js,node,car,radio,hackrf,js,,,,,,,,,,,,,,,,,,,,,,,,,,,,,,,,,,,,,,,,,,,,,,,,,,,,,,,,,,,,,,,,
flight,cleanflight/blackbox-log-viewer,2015-01-06T22:49:02Z,viewer,blackbox,flight,log,logs,blackbox,logs,viewer,flight,interactive,log,,,,,,,,,,,,,,,,,,,,,,,,,,,,,,,,,,,,,,,,,,,,,,,,,,,,,,,,,,,,,
car,shaunuk/picar,2013-09-30T20:59:26Z,control,tables,smartphone,node,car,javascript,system,server,running,client,html5,rc,js,control,tables,smartphone,raspberry,node,car,system,js,server,running,client,html5,rc,pi,,,,,,,,,,,,,,,,,,,,,,,,,,,,,,,,,,,,,,,,,,,,,
fashion,awspilot/dynamodb-oop,2015-01-07T11:11:46Z,node,write,code,dynamodb,fashion,promise,fluent,node-module,node,write,code,dynamodb,fashion,promise,fluent,node-module,,,,,,,,,,,,,,,,,,,,,,,,,,,,,,,,,,,,,,,,,,,,,,,,,,,,,,,,
fashion,npm/write-file-atomic,2014-09-10T23:25:49Z,files,fashion,atomic,write,files,fashion,atomic,,,,,,,,,,,,,,,,,,,,,,,,,,,,,,,,,,,,,,,,,,,,,,,,,,,,,,,,,,,,,,,,,
car,anthony-mills/raspberrypi-carputer,2016-02-15T11:29:53Z,car-computer,mpd,interaction,raspberry-pi,automotive,car-location,component,gps-device,computer,music,car,services,backend,trip,gps,car-computer,mpd,pi,gpsd,raspberry-pi,automotive,car-location,interaction,component,backend,gps-device,computer,music,car,services,ui,raspberry,trip,gps,,,,,,,,,,,,,,,,,,,,,,,,,,,,,,,,,,,,,,
flight,dmolin/flightSimPanels,2013-01-20T16:56:42Z,io,js,node,udp,flight,socket,simulator,js,instrument,browsers,panels,,,,,,,,,,,,,,,,,,,,,,,,,,,,,,,,,,,,,,,,,,,,,,,,,,,,,,,,,,,,,
car,watson-developer-cloud/car-dashboard,2016-07-08T00:11:11Z,service,car,capabilities,intent,dashboard,animated,service,conversation,car,capabilities,application,intent,dashboard,ui,animated,,,,,,,,,,,,,,,,,,,,,,,,,,,,,,,,,,,,,,,,,,,,,,,,,,,,,,,,,
flight,guidokessels/xwing-data,2016-02-05T20:59:08Z,easy-to-use,xwing-data,miniatures-game,collection,xwing,images,data,easy-to-use,xwing-data,miniatures-game,collection,fantasy,game,games,xwing,images,flight,data,,,,,,,,,,,,,,,,,,,,,,,,,,,,,,,,,,,,,,,,,,,,,,,,,,,,,,
fashion,locationtech/geomesa,2013-09-30T20:13:46Z,fashion,data,distributed,suite,tools,fashion,data,distributed,suite,tools,,,,,,,,,,,,,,,,,,,,,,,,,,,,,,,,,,,,,,,,,,,,,,,,,,,,,,,,,,,,,,
fashion,zalandoresearch/fashion-mnist,2017-08-25T12:05:15Z,product,computer-vision,database,convolutional-neural-networks,benchmark,fashion-mnist,dataset,deep-learning,gan,fashion,machine-learning,zalando,mnist,product,computer-vision,database,convolutional-neural-networks,benchmark,fashion-mnist,dataset,deep-learning,gan,fashion,machine-learning,zalando,mnist,,,,,,,,,,,,,,,,,,,,,,,,,,,,,,,,,,,,,,,,,,,,,,
flight,geordanr/xwing,2012-11-29T06:37:42Z,builder,game,flight,builder,fantasy,game,squad,games,,,,,,,,,,,,,,,,,,,,,,,,,,,,,,,,,,,,,,,,,,,,,,,,,,,,,,,,,,,,,,,,
ship,OpenDroneMap/OpenDroneMap,2014-09-25T18:29:10Z,structure-from-motion,github,clouds,kite,uas,view,tool,mesh,photogrammetry,drone,com,aerial-imagery,data,point-cloud,balloon,structure-from-motion,github,clouds,kite,uas,view,tool,mesh,photogrammetry,drone,com,ship,aerial-imagery,data,point-cloud,balloon,,,,,,,,,,,,,,,,,,,,,,,,,,,,,,,,,,,,,,,,,
ship,docker/distribution,2014-12-22T23:49:26Z,content,toolset,ship,store,pack,ship,content,toolset,docker,store,pack,,,,,,,,,,,,,,,,,,,,,,,,,,,,,,,,,,,,,,,,,,,,,,,,,,,,,,,,,,,,,
manufacturing,Swirrl/grafter,2014-04-18T09:52:11Z,semantic-web,rdf,grafter,clojure,data,etl,linked-data,manufacturing,tools,semantic-web,rdf,grafter,data,linked,etl,linked-data,,,,,,,,,,,,,,,,,,,,,,,,,,,,,,,,,,,,,,,,,,,,,,,,,,,,,,,,
fashion,jrendel/SwiftKeychainWrapper,2014-09-24T03:14:41Z,use,fashion,simple,wrapper,allow,use,fashion,keychain,simple,ios,wrapper,user,allow,,,,,,,,,,,,,,,,,,,,,,,,,,,,,,,,,,,,,,,,,,,,,,,,,,,,,,,,,,,
car,shipcod3/mazda_getInfo,2017-06-05T20:59:54Z,car,system,surface,hacks,attack,port,usb,car,system,surface,poc,attack,hacks,port,,,,,,,,,,,,,,,,,,,,,,,,,,,,,,,,,,,,,,,,,,,,,,,,,,,,,,,,,,
ship,bargenson/docker-filebeat,2016-02-05T18:22:29Z,logs,image,ship,collect,docker,containers,logs,image,ship,logstash,collect,api,docker,containers,,,,,,,,,,,,,,,,,,,,,,,,,,,,,,,,,,,,,,,,,,,,,,,,,,,,,,,,,,
ship,arun-gupta/docker-scripts,2016-07-18T00:19:56Z,simplify,ship,build,simplify,docker,build,ship,scripts,,,,,,,,,,,,,,,,,,,,,,,,,,,,,,,,,,,,,,,,,,,,,,,,,,,,,,,,,,,,,,,,
ship,ansible/ansible-modules-core,2014-09-25T20:28:25Z,ship,ansible,modules,ship,ansible,modules,,,,,,,,,,,,,,,,,,,,,,,,,,,,,,,,,,,,,,,,,,,,,,,,,,,,,,,,,,,,,,,,,,
manufacturing,CarlosGS/Cyclone-PCB-Factory,2013-05-25T12:57:05Z,manufacturing,pcb,cnc,circuit,cyclone,manufacturing,,,,,,,,,,,,,,,,,,,,,,,,,,,,,,,,,,,,,,,,,,,,,,,,,,,,,,,,,,,,,,,,,,
ship,ansible/ansible-modules-extras,2014-09-25T20:28:42Z,ship,ansible,modules,ship,ansible,modules,,,,,,,,,,,,,,,,,,,,,,,,,,,,,,,,,,,,,,,,,,,,,,,,,,,,,,,,,,,,,,,,,,
car,jaredthecoder/awesome-vehicle-security,2016-07-28T05:51:23Z,curated,car,list,hardware,hacking-vehicles,learning,vehicle,security,vehicle-security,hacking,resources,car-hacking,curated,car,list,hardware,hacking-vehicles,learning,vehicle,security,vehicle-security,hacking,resources,car-hacking,,,,,,,,,,,,,,,,,,,,,,,,,,,,,,,,,,,,,,,,,,,,,,,,
car,wroscoe/donkey,2016-12-10T06:35:09Z,raspberry-pi,keras,car,self,self-driving-car,tensorflow,raspberry-pi,keras,car,self-driving-car,tensorflow,,,,,,,,,,,,,,,,,,,,,,,,,,,,,,,,,,,,,,,,,,,,,,,,,,,,,,,,,,,,,
flight,motet/baldr,2015-06-15T11:28:33Z,flight,simulator,flight,simulator,,,,,,,,,,,,,,,,,,,,,,,,,,,,,,,,,,,,,,,,,,,,,,,,,,,,,,,,,,,,,,,,,,,,
fashion,devrandom/gitian-builder,2011-01-30T21:08:50Z,deterministic,packages,fashion,secure,fashion,secure,deterministic,vm,build,packages,,,,,,,,,,,,,,,,,,,,,,,,,,,,,,,,,,,,,,,,,,,,,,,,,,,,,,,,,,,,,,
car,harvitronix/reinforcement-learning-car,2016-02-05T14:52:25Z,car,learning,reinforcement,car,learning,reinforcement,,,,,,,,,,,,,,,,,,,,,,,,,,,,,,,,,,,,,,,,,,,,,,,,,,,,,,,,,,,,,,,,,,
fashion,EvanPurkhiser/dots,2013-12-15T11:48:12Z,set,portable,python,tool,dotfiles,fashion,dotfile-manager,set,portable,tool,dotfiles,fashion,dotfile-manager,,,,,,,,,,,,,,,,,,,,,,,,,,,,,,,,,,,,,,,,,,,,,,,,,,,,,,,,,,,
car,multunus/autonomous-rc-car,2016-07-22T05:53:06Z,machine-learning,raspberry-pi,car,autonomous-car,rc-car,neural-network,pi,machine-learning,raspberry-pi,car,ann,autonomous-car,rc-car,neural-network,rc,autonomous,raspberry,,,,,,,,,,,,,,,,,,,,,,,,,,,,,,,,,,,,,,,,,,,,,,,,,,,,,,,
car,edent/BMW-i-Remote,2015-11-25T15:16:33Z,interface,i3,reverse,reverse,car,i3,interface,electric,,,,,,,,,,,,,,,,,,,,,,,,,,,,,,,,,,,,,,,,,,,,,,,,,,,,,,,,,,,,,,,,
ship,PolicyStat/terrarium,2012-04-19T21:52:09Z,python,ship,like,boss,ship,boss,like,package,,,,,,,,,,,,,,,,,,,,,,,,,,,,,,,,,,,,,,,,,,,,,,,,,,,,,,,,,,,,,,,,
car,MarvinTeichmann/KittiBox,2016-08-11T19:28:13Z,autonomous-driving,detection,computer-vision,car,faster-rcnn,deep-learning,tensorflow,model,autonomous-driving,detection,computer-vision,car,faster-rcnn,deep-learning,tensorflow,model,,,,,,,,,,,,,,,,,,,,,,,,,,,,,,,,,,,,,,,,,,,,,,,,,,,,,,,,
car,llSourcell/How_to_simulate_a_self_driving_car,2017-05-13T23:29:31Z,code,code,car,youtube,,,,,,,,,,,,,,,,,,,,,,,,,,,,,,,,,,,,,,,,,,,,,,,,,,,,,,,,,,,,,,,,,,,,
ship,xen/flask-project-template,2014-03-31T12:32:22Z,flask,project,ship,template,flask,project,ship,template,,,,,,,,,,,,,,,,,,,,,,,,,,,,,,,,,,,,,,,,,,,,,,,,,,,,,,,,,,,,,,,,
flight,skylines-project/skylines,2011-12-27T12:33:23Z,tracking,skylines,database,python,gliding,xcsoar,ember,competition,framework,flight,paragliding,tracking,skylines,database,gliding,xcsoar,ember,competition,framework,live,flight,paragliding,,,,,,,,,,,,,,,,,,,,,,,,,,,,,,,,,,,,,,,,,,,,,,,,,,
fashion,chainside/btcpy,2017-09-03T16:59:10Z,fashion,structures,simple,tools,library,data,fashion,simple,structures,bitcoin,library,tools,data,python3,,,,,,,,,,,,,,,,,,,,,,,,,,,,,,,,,,,,,,,,,,,,,,,,,,,,,,,,,,
ship,6si/shipwright,2014-07-28T15:06:35Z,ship,tag,build,containers,ship,tag,build,docker,containers,,,,,,,,,,,,,,,,,,,,,,,,,,,,,,,,,,,,,,,,,,,,,,,,,,,,,,,,,,,,,,,
car,upul/Behavioral-Cloning,2016-12-30T17:04:00Z,deep-learning,self-driving-car,behavioral-cloning,project,deep-learning,udacity,program,self-driving-car,behavioral-cloning,car,,,,,,,,,,,,,,,,,,,,,,,,,,,,,,,,,,,,,,,,,,,,,,,,,,,,,,,,,,,,,,
ship,jamescasbon/pypackage,2012-12-16T22:12:10Z,deb,rpm,ship,rpm,deb,,,,,,,,,,,,,,,,,,,,,,,,,,,,,,,,,,,,,,,,,,,,,,,,,,,,,,,,,,,,,,,,,,,
flight,AeroPython/PyFME,2015-09-23T10:47:58Z,engine,flight,,,,,,,,,,,,,,,,,,,,,,,,,,,,,,,,,,,,,,,,,,,,,,,,,,,,,,,,,,,,,,,,,,,,,,
car,OSSDC/deepdrive-universe,2017-01-11T22:10:32Z,car,agents,car,gtav,universe,agents,,,,,,,,,,,,,,,,,,,,,,,,,,,,,,,,,,,,,,,,,,,,,,,,,,,,,,,,,,,,,,,,,,
car,diyjac/SDC-P5,2017-01-17T15:40:46Z,detection,tracking,car,project,udacity,vehicle,,,,,,,,,,,,,,,,,,,,,,,,,,,,,,,,,,,,,,,,,,,,,,,,,,,,,,,,,,,,,,,,,,
car,CaringCaribou/caringcaribou,2015-03-31T11:29:15Z,car,security,exploration,tool,car,security,exploration,tool,,,,,,,,,,,,,,,,,,,,,,,,,,,,,,,,,,,,,,,,,,,,,,,,,,,,,,,,,,,,,,,,
car,fatroom/cs373,2012-02-23T17:09:08Z,course,programming,homework,car,,,,,,,,,,,,,,,,,,,,,,,,,,,,,,,,,,,,,,,,,,,,,,,,,,,,,,,,,,,,,,,,,,,,
car,commaai/opendbc,2017-05-31T06:30:34Z,access,car,rings,decoder,access,car,rings,decoder,,,,,,,,,,,,,,,,,,,,,,,,,,,,,,,,,,,,,,,,,,,,,,,,,,,,,,,,,,,,,,,,
flight,mayanez/flight_scraper,2013-05-24T23:58:15Z,scraper,flight,availability,library,seat,,,,,,,,,,,,,,,,,,,,,,,,,,,,,,,,,,,,,,,,,,,,,,,,,,,,,,,,,,,,,,,,,,,
car,llSourcell/Self-Driving-Car-Demo,2016-08-05T22:34:45Z,car,machine,learning,demo,fresh,,,,,,,,,,,,,,,,,,,,,,,,,,,,,,,,,,,,,,,,,,,,,,,,,,,,,,,,,,,,,,,,,,,
car,llSourcell/Self-Driving-Car-Demo,2016-08-05T22:34:45Z,car,machine,learning,demo,fresh,,,,,,,,,,,,,,,,,,,,,,,,,,,,,,,,,,,,,,,,,,,,,,,,,,,,,,,,,,,,,,,,,,,
fashion,turingmachine/omxplayer-sync,2013-02-20T18:39:03Z,fashion,multiple,network,synchronization,master,slave,fashion,multiple,network,omxplayer,synchronization,master,slave,,,,,,,,,,,,,,,,,,,,,,,,,,,,,,,,,,,,,,,,,,,,,,,,,,,,,,,,,,,
flight,raspberrypilearning/3d-printed-astro-pi-flight-case,2016-01-27T13:51:01Z,print,flight,case,case,flight,print,pi,3d,,,,,,,,,,,,,,,,,,,,,,,,,,,,,,,,,,,,,,,,,,,,,,,,,,,,,,,,,,,,,,,,
car,timdorr/model-s-api,2013-02-03T00:00:55Z,documentation,tesla,car,iot,unofficial,api,ruby,gem,documentation,tesla,car,iot,unofficial,json,api,gem,,,,,,,,,,,,,,,,,,,,,,,,,,,,,,,,,,,,,,,,,,,,,,,,,,,,,,,,
fashion,gousiosg/github-mirror,2011-11-26T13:02:32Z,fashion,mirror,github-api,ghtorrent,ruby,github,scripts,github-api,fashion,mirror,ghtorrent,,,,,,,,,,,,,,,,,,,,,,,,,,,,,,,,,,,,,,,,,,,,,,,,,,,,,,,,,,,,,
ship,Shopify/kubernetes-deploy,2017-01-17T20:41:23Z,kubernetes,command-line,tool,namespace,result,deploy-tool,ship,changes,kubernetes,command-line,tool,namespace,result,deploy-tool,ship,changes,,,,,,,,,,,,,,,,,,,,,,,,,,,,,,,,,,,,,,,,,,,,,,,,,,,,,,,,
fashion,lukeredpath/simpleconfig,2008-07-03T19:23:44Z,set,settings,plugin,access,object-oriented,fashion,easy,configuration,make,set,plugin,simple,settings,access,object-oriented,fashion,easy,configuration,config,make,,,,,,,,,,,,,,,,,,,,,,,,,,,,,,,,,,,,,,,,,,,,,,,,,,,,
fashion,poise/citadel,2013-12-03T08:26:25Z,fashion,secure,secrets,cookbook,store,help,fashion,help,secrets,chef,s3,cookbook,store,secure,,,,,,,,,,,,,,,,,,,,,,,,,,,,,,,,,,,,,,,,,,,,,,,,,,,,,,,,,,
ship,ytbryan/vuejs,2016-03-11T16:12:38Z,axios,vue-validator,vuejs,vue-resource,rails,vue-router,vuex,resource,pipeline,axios,vue-validator,vuejs,vue-resource,rails,router,vue-router,ship,vuex,validator,,,,,,,,,,,,,,,,,,,,,,,,,,,,,,,,,,,,,,,,,,,,,,,,,,,,,
ship,spree-contrib/spree_marketplace,2013-06-11T01:34:29Z,spree,drop,marketplace,ship,marketplace,drop,turn,ship,spree,,,,,,,,,,,,,,,,,,,,,,,,,,,,,,,,,,,,,,,,,,,,,,,,,,,,,,,,,,,,,,,
car,stevelacy/movel,2014-11-12T23:10:08Z,car-computer,raspberry-pi,car,obd,computer,dashboard,pi,car-computer,pi,raspberry-pi,car,obd,computer,dashboard,raspberry,,,,,,,,,,,,,,,,,,,,,,,,,,,,,,,,,,,,,,,,,,,,,,,,,,,,,,,,,
car,ai-tor/DeepGTAV,2016-09-05T05:49:38Z,environment,dataset-generation,plugin,car,reinforcement-learning,research,deep-learning,gtav,self-driving-car,environment,dataset-generation,plugin,car,reinforcement-learning,research,deep-learning,gtav,self-driving-car,,,,,,,,,,,,,,,,,,,,,,,,,,,,,,,,,,,,,,,,,,,,,,,,,,,,,,
car,andrewssobral/vehicle_detection_haarcascades,2016-02-28T14:52:27Z,opencv,vehicle-detection,haar-cascade,cascade-classifier,car,cascade-classifier,car,detection,opencv,vehicle-detection,haar-cascade,vehicle,,,,,,,,,,,,,,,,,,,,,,,,,,,,,,,,,,,,,,,,,,,,,,,,,,,,,,,,,,,,
car,stuntrally/stuntrally,2011-04-10T15:18:49Z,terrain,linux,cmake,multiplayer,ogre3d,editor,vehicle,main,racing,3d,repository,track,openal,game,data,bullet-physics,c-plus-plus,windows,car,gui,simulation,cpp,physics,ogre,terrain,linux,multiplayer,ogre3d,editor,vehicle,main,racing,3d,repository,track,openal,game,data,bullet-physics,c-plus-plus,windows,car,gui,simulation,physics,,,,,,,,,,,,,,,,,,,,,,,,,,,
fashion,geekscape/aiko_arduino_legacy,2009-05-24T06:03:55Z,delay,fashion,modular,less,event-driven,libraries,framework,applications,examples,events,delay,fashion,applications,simple,modular,libraries,framework,event-driven,examples,less,events,,,,,,,,,,,,,,,,,,,,,,,,,,,,,,,,,,,,,,,,,,,,,,,,,,,
flight,tum-vision/tum_ardrone,2012-11-24T12:53:17Z,flight,package,visual,navigation,autonomous,flight,repository,package,drone,visual,ar,ros,navigation,autonomous,,,,,,,,,,,,,,,,,,,,,,,,,,,,,,,,,,,,,,,,,,,,,,,,,,,,,,,,,,
car,smartdevicelink/sdl_core,2014-10-02T15:16:26Z,c-plus-plus,sdl-core,vehicle,smartdevicelink,connectivity,car,sdl,c-plus-plus,sdl-core,vehicle,smartdevicelink,sample,connectivity,car,sdl,software,,,,,,,,,,,,,,,,,,,,,,,,,,,,,,,,,,,,,,,,,,,,,,,,,,,,,,,,
manufacturing,aewallin/opencamlib,2011-07-14T11:59:42Z,library,source,computer,algorithms,manufacturing,open,library,source,computer,algorithms,manufacturing,open,,,,,,,,,,,,,,,,,,,,,,,,,,,,,,,,,,,,,,,,,,,,,,,,,,,,,,,,,,,,
car,ndrplz/self-driving-car,2016-12-25T18:09:36Z,car,udacity,engineer,,,,,,,,,,,,,,,,,,,,,,,,,,,,,,,,,,,,,,,,,,,,,,,,,,,,,,,,,,,,,,,,,,,,,
flight,FreeFalcon/freefalcon-central,2013-01-15T00:02:23Z,flight,campaign,simulator,multiplayer,source,open,flight,campaign,simulator,multiplayer,source,open,,,,,,,,,,,,,,,,,,,,,,,,,,,,,,,,,,,,,,,,,,,,,,,,,,,,,,,,,,,,
flight,FlightGear/flightgear,2014-10-07T01:10:16Z,source,flight,flight,source,open,,,,,,,,,,,,,,,,,,,,,,,,,,,,,,,,,,,,,,,,,,,,,,,,,,,,,,,,,,,,,,,,,,,
ship,Wren6991/Ship-Sandbox,2013-05-05T16:33:39Z,ship,simulation,ship,simulation,,,,,,,,,,,,,,,,,,,,,,,,,,,,,,,,,,,,,,,,,,,,,,,,,,,,,,,,,,,,,,,,,,,,
car,udacity/CarND-Extended-Kalman-Filter-Project,2017-02-14T17:47:07Z,project,code,car,filter,program,starter,,,,,,,,,,,,,,,,,,,,,,,,,,,,,,,,,,,,,,,,,,,,,,,,,,,,,,,,,,,,,,,,,,
car,abhi-kumar/CAR-DETECTION,2014-03-16T11:46:17Z,detection,car,database,detection,car,database,,,,,,,,,,,,,,,,,,,,,,,,,,,,,,,,,,,,,,,,,,,,,,,,,,,,,,,,,,,,,,,,,,
manufacturing,xtuple/qt-client,2013-05-30T13:54:04Z,code,invoices,sales,accounting,orders,plpgsql,management,repository,xtuple,source,inventory,business,framework,postgresql,manufacturing,b2c,b2b,erp,qt,e-commerce,client,crm,code,invoices,sales,accounting,orders,management,repository,xtuple,desktop,source,inventory,business,framework,postgresql,manufacturing,b2c,b2b,erp,qt,e-commerce,client,crm,,,,,,,,,,,,,,,,,,,,,,,,,,,,
manufacturing,3MFConsortium/lib3mf,2015-04-28T10:39:43Z,implementation,standard,file,format,implementation,standard,file,manufacturing,3d,,,,,,,,,,,,,,,,,,,,,,,,,,,,,,,,,,,,,,,,,,,,,,,,,,,,,,,,,,,,,,,
car,UnaPibaGeek/CBM,2017-04-24T00:36:56Z,car,maker,backdoor,,,,,,,,,,,,,,,,,,,,,,,,,,,,,,,,,,,,,,,,,,,,,,,,,,,,,,,,,,,,,,,,,,,,,
flight,LK8000/LK8000,2011-01-09T16:55:30Z,repo,main,repo,main,computer,flight,,,,,,,,,,,,,,,,,,,,,,,,,,,,,,,,,,,,,,,,,,,,,,,,,,,,,,,,,,,,,,,,,,
car,SullyChen/Caffe-Autopilot,2016-06-17T23:04:45Z,autopilot,software,car,sfml,opencv,caffe,autopilot,software,,,,,,,,,,,,,,,,,,,,,,,,,,,,,,,,,,,,,,,,,,,,,,,,,,,,,,,,,,,,,,,,
car,dat-ai/jetson-car,2016-12-15T08:54:49Z,autonomous-driving,keras,autonomous-vehicles,jetson-tk1,deep-learning,autonomous-cars,tensorflow,ros,autonomous-driving,keras,car,jetson,rc,autonomous-vehicles,jetson-tk1,deep-learning,autonomous-cars,nvidia,tensorflow,autonomous,ros,racing,,,,,,,,,,,,,,,,,,,,,,,,,,,,,,,,,,,,,,,,,,,,,,,,,,
fashion,bitly/go-notify,2012-06-21T20:28:35Z,fashion,package,observe,events,decoupled,fashion,package,observe,events,decoupled,,,,,,,,,,,,,,,,,,,,,,,,,,,,,,,,,,,,,,,,,,,,,,,,,,,,,,,,,,,,,,
fashion,vadymmarkov/Fashion,2016-03-14T08:21:15Z,styles,share,tools,beauty,styles,fashion,beauty,share,ui,swifty,tools,,,,,,,,,,,,,,,,,,,,,,,,,,,,,,,,,,,,,,,,,,,,,,,,,,,,,,,,,,,,,
car,bartoszj/acextract,2014-12-16T21:55:43Z,car,tool,list,content,file,extract,assets,car,tool,list,content,file,extract,,,,,,,,,,,,,,,,,,,,,,,,,,,,,,,,,,,,,,,,,,,,,,,,,,,,,,,,,,,
car,likedan/Core-ML-Car-Recognition,2017-08-23T04:52:37Z,car,coreml,recognition,framework,,,,,,,,,,,,,,,,,,,,,,,,,,,,,,,,,,,,,,,,,,,,,,,,,,,,,,,,,,,,,,,,,,,,
ship,mindctrl/alienship,2012-02-02T21:37:10Z,theme,starter,integration,bootstrap,integration,theme,wordpress,ship,starter,,,,,,,,,,,,,,,,,,,,,,,,,,,,,,,,,,,,,,,,,,,,,,,,,,,,,,,,,,,,,,,
fashion,aaronchen2k/mobistore,2015-12-13T02:39:49Z,fashion,ecommerce,store,,,,,,,,,,,,,,,,,,,,,,,,,,,,,,,,,,,,,,,,,,,,,,,,,,,,,,,,,,,,,,,,,,,,,