keyword,repository,created_at,topic,,,,,,,,,,,,,,,,,,,,,,,,,,,,,,,,,,,,,,,,,,,,,,,,,,,,,,,,,,,,,,,,,,,,,,,,,,,,,,,,,,,,,,,,,,,,,,,,,,,,,,,,,,,,,,,,,,,
city,gzu-liyujiang/AndroidPicker,2015-10-21T14:21:16Z,picker,datepicker,java,option,city,color,wheelview,citypicker,number,address,android,picker,datepicker,option,city,color,wheelview,citypicker,number,address,android,,,,,,,,,,,,,,,,,,,,,,,,,,,,,,,,,,,,,,,,,,,,,,,,,,,,,,,,,,,,,,,,,,,,,,,,,,,,,,,,,,,,,,,,,,,,,,,
construction,ericfischer/housing-inventory,2016-04-29T05:58:04Z,construction,data,history,construction,data,san,history,,,,,,,,,,,,,,,,,,,,,,,,,,,,,,,,,,,,,,,,,,,,,,,,,,,,,,,,,,,,,,,,,,,,,,,,,,,,,,,,,,,,,,,,,,,,,,,,,,,,,,,,,,,,,
hospital,CorsixTH/CorsixTH,2013-08-25T18:16:56Z,theme-hospital,clone,source,game,strategy-game,opensource,remake,theme-hospital,clone,theme,source,game,strategy-game,opensource,remake,open,hospital,,,,,,,,,,,,,,,,,,,,,,,,,,,,,,,,,,,,,,,,,,,,,,,,,,,,,,,,,,,,,,,,,,,,,,,,,,,,,,,,,,,,,,,,,,,,,,,,,,,
farming,RealismusModding/FS17_seasons,2016-11-04T11:12:04Z,seasons,farmingsimulator,fs17,mod,fs17,simulator,farmingsimulator,seasons,farming,mod,,,,,,,,,,,,,,,,,,,,,,,,,,,,,,,,,,,,,,,,,,,,,,,,,,,,,,,,,,,,,,,,,,,,,,,,,,,,,,,,,,,,,,,,,,,,,,,,,,,,,,,,,,
medical,ResearchKit/ResearchKit,2015-03-10T20:05:32Z,medical,framework,apps,research,source,easy,open,create,projects,software,medical,framework,apps,research,source,easy,open,create,projects,software,,,,,,,,,,,,,,,,,,,,,,,,,,,,,,,,,,,,,,,,,,,,,,,,,,,,,,,,,,,,,,,,,,,,,,,,,,,,,,,,,,,,,,,,,,,,,,,,
city,comyar/Sol,2013-10-04T15:59:20Z,information,location,ios,sol,ios-app,current,objective-c,weather,city,iphone,world,plan,wunderground,information,location,ios,sol,ios-app,current,weather,city,iphone,world,plan,check,wunderground,,,,,,,,,,,,,,,,,,,,,,,,,,,,,,,,,,,,,,,,,,,,,,,,,,,,,,,,,,,,,,,,,,,,,,,,,,,,,,,,,,,,,,,,,,
city,terminatorover/RGCardViewLayout,2015-01-24T04:11:05Z,city,interaction,layout,animations,top,cards,app,city,interaction,layout,animations,top,ios,app,cards,guide,,,,,,,,,,,,,,,,,,,,,,,,,,,,,,,,,,,,,,,,,,,,,,,,,,,,,,,,,,,,,,,,,,,,,,,,,,,,,,,,,,,,,,,,,,,,,,,,,,,,
medical,vigente/gerardus,2015-04-07T14:27:55Z,biology,processing,medical,image,scripts,biology,medical,image,scripts,,,,,,,,,,,,,,,,,,,,,,,,,,,,,,,,,,,,,,,,,,,,,,,,,,,,,,,,,,,,,,,,,,,,,,,,,,,,,,,,,,,,,,,,,,,,,,,,,,,,,,,,,,,
construction,CosmosOS/Cosmos,2014-12-04T17:29:45Z,languages,construction,system,kit,vb,system,languages,construction,build,cosmos,os,net,,,,,,,,,,,,,,,,,,,,,,,,,,,,,,,,,,,,,,,,,,,,,,,,,,,,,,,,,,,,,,,,,,,,,,,,,,,,,,,,,,,,,,,,,,,,,,,,,,,,,,,,
medical,openemr/openemr,2010-05-21T19:54:08Z,osx,openemr,practice-management,linux,alternative,emr,electronic,management,ehr,open,source,health,usage,international,hit,practice,php,windows,medical,healthcare,popular,osx,openemr,practice-management,linux,alternative,emr,electronic,management,ehr,open,source,health,usage,international,hit,practice,windows,medical,healthcare,popular,,,,,,,,,,,,,,,,,,,,,,,,,,,,,,,,,,,,,,,,,,,,,,,,,,,,,,,,,,,,,,,,,,,,,,,,,,,
construction,sam-github/libnet,2009-02-19T00:11:23Z,portable,packet,framework,construction,low-level,network,portable,packet,framework,construction,low-level,network,,,,,,,,,,,,,,,,,,,,,,,,,,,,,,,,,,,,,,,,,,,,,,,,,,,,,,,,,,,,,,,,,,,,,,,,,,,,,,,,,,,,,,,,,,,,,,,,,,,,,,,,
construction,eloraiby/delaunay,2011-12-23T02:17:16Z,divide,algorithm,2d,construction,robust,delaunay,,,,,,,,,,,,,,,,,,,,,,,,,,,,,,,,,,,,,,,,,,,,,,,,,,,,,,,,,,,,,,,,,,,,,,,,,,,,,,,,,,,,,,,,,,,,,,,,,,,,,,,,,,,,,,
medical,openyou/libomron,2009-04-26T17:25:26Z,medical,data,devices,libraries,medical,data,devices,,,,,,,,,,,,,,,,,,,,,,,,,,,,,,,,,,,,,,,,,,,,,,,,,,,,,,,,,,,,,,,,,,,,,,,,,,,,,,,,,,,,,,,,,,,,,,,,,,,,,,,,,,,,,
construction,CoolerVoid/codewarrior,2016-09-04T03:17:21Z,tool,construction,static,analysis,tool,analysis,beta,construction,static,,,,,,,,,,,,,,,,,,,,,,,,,,,,,,,,,,,,,,,,,,,,,,,,,,,,,,,,,,,,,,,,,,,,,,,,,,,,,,,,,,,,,,,,,,,,,,,,,,,,,,,,,,,
construction,sergeybratus/HammerPrimer,2014-12-09T15:42:12Z,construction,parser,toolkit,introduction,parser,toolkit,construction,,,,,,,,,,,,,,,,,,,,,,,,,,,,,,,,,,,,,,,,,,,,,,,,,,,,,,,,,,,,,,,,,,,,,,,,,,,,,,,,,,,,,,,,,,,,,,,,,,,,,,,,,,,,,
city,zaaach/CityPicker,2016-02-27T09:11:27Z,picker,city,like,app,library,nice,picker,city,like,app,library,android,nice,,,,,,,,,,,,,,,,,,,,,,,,,,,,,,,,,,,,,,,,,,,,,,,,,,,,,,,,,,,,,,,,,,,,,,,,,,,,,,,,,,,,,,,,,,,,,,,,,,,,,,,
hospital,openmrs/openmrs-core,2012-07-26T04:54:29Z,web,code,ehr,hospital,medical-records,application,health,healthcare,emr,code,web,openmrs,ehr,hospital,medical-records,application,api,health,healthcare,emr,,,,,,,,,,,,,,,,,,,,,,,,,,,,,,,,,,,,,,,,,,,,,,,,,,,,,,,,,,,,,,,,,,,,,,,,,,,,,,,,,,,,,,,,,,,,,,,,
city,Swati4star/Travel-Mate,2016-01-30T13:42:30Z,city,guide,checklist,travel,estimote-beacons,hotel-booking,mashup,notifications,monument,travel-mate,trip,city,guide,checklist,travel,estimote-beacons,hotel-booking,mashup,notifications,monument,travel-mate,trip,,,,,,,,,,,,,,,,,,,,,,,,,,,,,,,,,,,,,,,,,,,,,,,,,,,,,,,,,,,,,,,,,,,,,,,,,,,,,,,,,,,,,,,,,,,,,,
construction,afollestad/inquiry,2015-08-05T23:22:10Z,sqlite,super,nosql,database,deserialization,databases,use,library,simple,construction,easy,query,serialization,android,local,annotations,sqlite,super,nosql,database,deserialization,databases,use,library,simple,construction,inquiry,easy,query,serialization,android,local,annotations,,,,,,,,,,,,,,,,,,,,,,,,,,,,,,,,,,,,,,,,,,,,,,,,,,,,,,,,,,,,,,,,,,,,,,,,,,,,,,,,,,,
construction,morfologik/morfologik-stemming,2013-03-09T16:18:38Z,dictionary,dictionaries,automata,state,construction,finite,dictionary,dictionaries,automata,state,construction,finite,tools,,,,,,,,,,,,,,,,,,,,,,,,,,,,,,,,,,,,,,,,,,,,,,,,,,,,,,,,,,,,,,,,,,,,,,,,,,,,,,,,,,,,,,,,,,,,,,,,,,,,,,,
construction,DraqueT/PolyGlot,2014-07-27T23:39:32Z,construction,toolkit,polyglot,construction,toolkit,,,,,,,,,,,,,,,,,,,,,,,,,,,,,,,,,,,,,,,,,,,,,,,,,,,,,,,,,,,,,,,,,,,,,,,,,,,,,,,,,,,,,,,,,,,,,,,,,,,,,,,,,,,,,,,
medical,OpenLMIS/open-lmis,2012-10-11T10:51:08Z,core,google,forum,countries,com,medical,source,version,groups,shared,distribution,open,software,logistics,information,management,forum,core,com,medical,countries,system,source,version,google,groups,shared,distribution,open,software,,,,,,,,,,,,,,,,,,,,,,,,,,,,,,,,,,,,,,,,,,,,,,,,,,,,,,,,,,,,,,,,,,,,,,,,,,,,,,,,,,,,,,
city,michaelhenry/MHNatGeoViewControllerTransition,2013-06-07T05:59:28Z,new,transition,city,viewcontroller,transition,effect,new,guides,3d,,,,,,,,,,,,,,,,,,,,,,,,,,,,,,,,,,,,,,,,,,,,,,,,,,,,,,,,,,,,,,,,,,,,,,,,,,,,,,,,,,,,,,,,,,,,,,,,,,,,,,,,,,,
construction,nicklockwood/RequestUtils,2012-09-12T08:15:42Z,category,methods,process,request,collection,simplify,construction,manipulation,category,http,methods,process,request,collection,cocoa,simplify,construction,manipulation,,,,,,,,,,,,,,,,,,,,,,,,,,,,,,,,,,,,,,,,,,,,,,,,,,,,,,,,,,,,,,,,,,,,,,,,,,,,,,,,,,,,,,,,,,,,,,,,,,
hospital,ResearchKit/GlucoSuccess,2015-03-25T18:28:53Z,app,app,hospital,diabetes,,,,,,,,,,,,,,,,,,,,,,,,,,,,,,,,,,,,,,,,,,,,,,,,,,,,,,,,,,,,,,,,,,,,,,,,,,,,,,,,,,,,,,,,,,,,,,,,,,,,,,,,,,,,,,,,
medical,samcome/webfont-medical-icons,2013-11-14T15:06:26Z,world,easy,icons,medical,free,easy,world,webfont,,,,,,,,,,,,,,,,,,,,,,,,,,,,,,,,,,,,,,,,,,,,,,,,,,,,,,,,,,,,,,,,,,,,,,,,,,,,,,,,,,,,,,,,,,,,,,,,,,,,,,,,,,,,
medical,fo-dicom/fo-dicom,2015-05-09T13:35:00Z,xamarin-ios,portable,netcore,dicom,medical,unity-3d,dot-net,c-sharp,nuget,universal-windows,xamarin-android,xamarin-platform,pcl,mono,jpeg,medical-imaging,portable,universal,jpeg,c-sharp,universal-windows,medical-imaging,xamarin-ios,netcore,dicom,oak,nuget,unity,xamarin-android,pcl,net,dot-net,core,ios,xamarin-platform,android,windows,mono,medical,unity-3d,,,,,,,,,,,,,,,,,,,,,,,,,,,,,,,,,,,,,,,,,,,,,,,,,,,,,,,,,,,,,,,,,,,,,,,,,,,,
medical,ClearCanvas/ClearCanvas,2013-01-15T17:53:06Z,code,medical,innovation,source,base,software,code,medical,source,base,innovation,open,software,,,,,,,,,,,,,,,,,,,,,,,,,,,,,,,,,,,,,,,,,,,,,,,,,,,,,,,,,,,,,,,,,,,,,,,,,,,,,,,,,,,,,,,,,,,,,,,,,,,,,,,
city,tugberkugurlu/PingYourPackage,2012-05-25T15:09:56Z,city,company,delivery,application,sample,book,city,http,book,web,company,delivery,application,sample,api,net,small,pro,,,,,,,,,,,,,,,,,,,,,,,,,,,,,,,,,,,,,,,,,,,,,,,,,,,,,,,,,,,,,,,,,,,,,,,,,,,,,,,,,,,,,,,,,,,,,,,,,,
city,CityOfBoston/boston.gov,2016-10-06T19:40:52Z,city,repository,drupal,boston,official,gov,city,repository,drupal,boston,official,gov,,,,,,,,,,,,,,,,,,,,,,,,,,,,,,,,,,,,,,,,,,,,,,,,,,,,,,,,,,,,,,,,,,,,,,,,,,,,,,,,,,,,,,,,,,,,,,,,,,,,,,,,
city,kamranahmedse/php-geocode,2014-10-07T11:00:16Z,city,district,get,country,number,longitude,wrapper,address,latitude,city,google,district,get,country,number,wrapper,api,longitude,address,latitude,geocoding,,,,,,,,,,,,,,,,,,,,,,,,,,,,,,,,,,,,,,,,,,,,,,,,,,,,,,,,,,,,,,,,,,,,,,,,,,,,,,,,,,,,,,,,,,,,,,,
city,VinceG/USPS-php-api,2012-03-30T23:22:57Z,city,code,zip,service,confirm,track,verify,calculator,delivery,lookup,address,city,code,zip,service,confirm,track,verify,calculator,usps,delivery,api,lookup,address,,,,,,,,,,,,,,,,,,,,,,,,,,,,,,,,,,,,,,,,,,,,,,,,,,,,,,,,,,,,,,,,,,,,,,,,,,,,,,,,,,,,,,,,,,,,
livestock,farmOS/farmOS,2014-02-04T10:05:10Z,web-based,livestock,equipment,drupal,soil,mapping,farm,application,crops,sensors,agriculture,record,web-based,livestock,equipment,drupal,soil,mapping,farm,application,crops,sensors,agriculture,record,,,,,,,,,,,,,,,,,,,,,,,,,,,,,,,,,,,,,,,,,,,,,,,,,,,,,,,,,,,,,,,,,,,,,,,,,,,,,,,,,,,,,,,,,,,,
construction,HavenShen/slim-born,2016-04-19T09:30:56Z,slim3-skeleton,skeleton,slim,application,authentication,mvc,construction,slim3,mvc-framework,slim3-skeleton,skeleton,application,slim,framework,authentication,mvc,construction,slim3,mvc-framework,,,,,,,,,,,,,,,,,,,,,,,,,,,,,,,,,,,,,,,,,,,,,,,,,,,,,,,,,,,,,,,,,,,,,,,,,,,,,,,,,,,,,,,,,,,,,,,,,
city,opengovplatform/opengovplatform-beta,2012-11-09T07:39:48Z,development,code,useful,help,global,site,community,set,solutions,file,tools,city,documents,develop,platform,open,create,please,contact,source,future,citizen,new,technology,developers,method,available,media,product,government,org,recommendations,release,applications,base,instance,alpha,data,insights,md,processes,citizens,modules,us,example,information,academia,transparency,formats,growing,organization,support,development,changes,code,useful,help,visitor,global,india,site,community,states,set,solutions,file,open,city,management,develop,twitter,source,tools,create,support,please,system,contact,platform,academia,citizen,readme,new,technology,developers,method,available,media,product,government,org,recommendations,instance,release,beta,base,portal,alpha,future,data,insights,md,processes,applications,citizens,modules,us,example,information,dms,transparency,formats,growing,organization,cms,documents
city,opengovplatform/opengovplatform-alpha,2012-03-30T05:27:16Z,development,www,set,useful,help,global,site,community,code,solutions,tools,find,page,city,documents,develop,platform,open,create,please,contact,source,future,citizen,new,technology,developers,method,available,media,product,government,org,recommendations,applications,base,instance,alpha,data,insights,processes,citizens,modules,us,example,information,academia,transparency,formats,growing,organization,support,first,available,www,set,useful,help,visitor,global,india,site,community,states,code,solutions,recommendations,open,find,page,city,management,develop,twitter,platform,tools,create,please,system,contact,source,academia,development,citizen,new,technology,developers,method,website,media,product,government,org,welcome,applications,documents,instance,base,alpha,future,data,insights,processes,citizens,modules,us,example,information,dms,transparency,formats,growing,organization,cms,support,first
city,icos-urenio/Improve-my-city,2012-02-09T16:21:19Z,city,track,citizens,vote,report,issues,city,track,citizens,vote,report,issues,improve,,,,,,,,,,,,,,,,,,,,,,,,,,,,,,,,,,,,,,,,,,,,,,,,,,,,,,,,,,,,,,,,,,,,,,,,,,,,,,,,,,,,,,,,,,,,,,,,,,,,,,,
medical,benaich/Doctors,2014-11-24T10:26:33Z,symfony,web,php,doctor,symfony,web,doctor,medical,symfony2,application,,,,,,,,,,,,,,,,,,,,,,,,,,,,,,,,,,,,,,,,,,,,,,,,,,,,,,,,,,,,,,,,,,,,,,,,,,,,,,,,,,,,,,,,,,,,,,,,,,,,,,,,,,
construction,ryal/ryal,2017-02-04T01:56:27Z,shop,shopping-cart,ecommerce-library,umbrella,money,ryal,library,e-commerce,construction,us,ecommerce-platform,elixir,star,save,ecommerce,shop,shopping-cart,ecommerce-library,umbrella,money,ryal,library,e-commerce,construction,us,ecommerce-platform,star,save,ecommerce,,,,,,,,,,,,,,,,,,,,,,,,,,,,,,,,,,,,,,,,,,,,,,,,,,,,,,,,,,,,,,,,,,,,,,,,,,,,,,,,,,,,,,,
city,citybound/citybound,2016-06-04T19:44:11Z,actor-model,city,us,simulation,game,rust,actor-model,city,us,simulation,game,,,,,,,,,,,,,,,,,,,,,,,,,,,,,,,,,,,,,,,,,,,,,,,,,,,,,,,,,,,,,,,,,,,,,,,,,,,,,,,,,,,,,,,,,,,,,,,,,,,,,,,,,
city,mochi/egeoip,2010-05-22T17:57:13Z,module,geolocation,city,ip,database,module,maxmind,,,,,,,,,,,,,,,,,,,,,,,,,,,,,,,,,,,,,,,,,,,,,,,,,,,,,,,,,,,,,,,,,,,,,,,,,,,,,,,,,,,,,,,,,,,,,,,,,,,,,,,,,,,,,
construction,namin/inc,2011-12-14T23:32:01Z,construction,incremental,compiler,construction,incremental,compiler,,,,,,,,,,,,,,,,,,,,,,,,,,,,,,,,,,,,,,,,,,,,,,,,,,,,,,,,,,,,,,,,,,,,,,,,,,,,,,,,,,,,,,,,,,,,,,,,,,,,,,,,,,,,,,
construction,jwiegley/category-theory,2014-07-04T08:13:37Z,coq,category,cartesian,cartesian-closed-category,comonads,personal,monoid,profunctor-composition,study,functor,category-theory,construction,categories,profunctor,monad,category,cartesian,cartesian-closed-category,comonads,personal,monoid,profunctor-composition,study,functor,category-theory,construction,categories,profunctor,monad,,,,,,,,,,,,,,,,,,,,,,,,,,,,,,,,,,,,,,,,,,,,,,,,,,,,,,,,,,,,,,,,,,,,,,,,,,,,,,,,,,,,,,,
city,3dcitydb/3dcitydb,2013-11-16T00:08:50Z,gis,database,3d-city-model,citygml,oracle,postgresql,ogc,city,gis,database,3d-city-model,source,citygml,oracle,postgresql,open,ogc,3d,,,,,,,,,,,,,,,,,,,,,,,,,,,,,,,,,,,,,,,,,,,,,,,,,,,,,,,,,,,,,,,,,,,,,,,,,,,,,,,,,,,,,,,,,,,,,,,,,,
farming,Nader-Sl/Hackemon,2016-07-31T21:25:09Z,new,farming,bot,human,level,level,bot,multi-platform,human,new,farming,pokemon-go,,,,,,,,,,,,,,,,,,,,,,,,,,,,,,,,,,,,,,,,,,,,,,,,,,,,,,,,,,,,,,,,,,,,,,,,,,,,,,,,,,,,,,,,,,,,,,,,,,,,,,,,
city,watabou/TownGeneratorOS,2017-08-03T14:37:51Z,source,code,city,code,generator,fantasy,source,,,,,,,,,,,,,,,,,,,,,,,,,,,,,,,,,,,,,,,,,,,,,,,,,,,,,,,,,,,,,,,,,,,,,,,,,,,,,,,,,,,,,,,,,,,,,,,,,,,,,,,,,,,,,
city,lo-th/3d.city,2014-06-07T00:55:30Z,city,builder,game,3d,city,builder,game,3d,,,,,,,,,,,,,,,,,,,,,,,,,,,,,,,,,,,,,,,,,,,,,,,,,,,,,,,,,,,,,,,,,,,,,,,,,,,,,,,,,,,,,,,,,,,,,,,,,,,,,,,,,,,,
city,mumuy/data_location,2016-08-24T15:00:28Z,data,area,china,city,data,area,china,city,,,,,,,,,,,,,,,,,,,,,,,,,,,,,,,,,,,,,,,,,,,,,,,,,,,,,,,,,,,,,,,,,,,,,,,,,,,,,,,,,,,,,,,,,,,,,,,,,,,,,,,,,,,,
hospital,hustcc/PTHospital.chrome,2016-05-04T11:09:34Z,chrome,hospital,putian,chrome,hospital,putian,,,,,,,,,,,,,,,,,,,,,,,,,,,,,,,,,,,,,,,,,,,,,,,,,,,,,,,,,,,,,,,,,,,,,,,,,,,,,,,,,,,,,,,,,,,,,,,,,,,,,,,,,,,,,,
medical,chafey/cornerstone,2014-03-18T00:25:35Z,limited,medical,library,images,display,interactive,limited,dicom,medical,library,images,display,interactive,,,,,,,,,,,,,,,,,,,,,,,,,,,,,,,,,,,,,,,,,,,,,,,,,,,,,,,,,,,,,,,,,,,,,,,,,,,,,,,,,,,,,,,,,,,,,,,,,,,,,,,
medical,ivmartel/dwv,2011-09-21T07:31:32Z,viewer,dicom,medical,source,medical-imaging,footprint,zero-footprint,open,image,web,viewer,dicom,medical,source,medical-imaging,footprint,zero-footprint,open,image,,,,,,,,,,,,,,,,,,,,,,,,,,,,,,,,,,,,,,,,,,,,,,,,,,,,,,,,,,,,,,,,,,,,,,,,,,,,,,,,,,,,,,,,,,,,,,,,,
construction,BladeRunnerJS/brjs,2013-07-26T09:49:40Z,development,set,develop,easy,framework,deploy,apps,toolkit,conventions,large,source,construction,maintain,tools,test,complex,open,make,modular,set,toolkit,conventions,tools,develop,open,make,apps,source,complex,easy,test,development,deploy,framework,construction,html5,modular,large,maintain,,,,,,,,,,,,,,,,,,,,,,,,,,,,,,,,,,,,,,,,,,,,,,,,,,,,,,,,,,,,,,,,,,,,,,,,,,,,,
city,basecss/city,2014-03-30T10:40:54Z,city,city,,,,,,,,,,,,,,,,,,,,,,,,,,,,,,,,,,,,,,,,,,,,,,,,,,,,,,,,,,,,,,,,,,,,,,,,,,,,,,,,,,,,,,,,,,,,,,,,,,,,,,,,,,,,,,,,,,
construction,san650/ember-cli-page-object,2015-05-03T13:12:43Z,integration,tests,acceptance,qunit,testing,ember,ember-cli,page,pageobject-pattern,construction,objects,page-object,pageobject,mocha,addon,integration,tests,acceptance,qunit,testing,ember,ember-cli,page,pageobject-pattern,construction,objects,page-object,pageobject,mocha,addon,,,,,,,,,,,,,,,,,,,,,,,,,,,,,,,,,,,,,,,,,,,,,,,,,,,,,,,,,,,,,,,,,,,,,,,,,,,,,,,,,,,,,,
city,samayo/country-json,2015-06-01T03:15:17Z,city,language,countries,country,format,country-data,currency,capital-city,json-format,world,data,independence,population,city,language,countries,country,format,country-data,currency,json,capital-city,json-format,world,data,independence,population,,,,,,,,,,,,,,,,,,,,,,,,,,,,,,,,,,,,,,,,,,,,,,,,,,,,,,,,,,,,,,,,,,,,,,,,,,,,,,,,,,,,,,,,,
construction,nodkz/graphql-compose,2016-06-07T07:43:40Z,schema-builder,compose,generation,schemas,toolkit,graphql-compose,modification,construction,graphql,build,plugins,bunch,complex,type,types,schema,schema-builder,compose,generation,schemas,toolkit,graphql-compose,modification,construction,graphql,build,plugins,bunch,complex,type,types,schema,,,,,,,,,,,,,,,,,,,,,,,,,,,,,,,,,,,,,,,,,,,,,,,,,,,,,,,,,,,,,,,,,,,,,,,,,,,,,,,,,,,,
medical,rii-mango/Papaya,2012-06-17T22:20:58Z,viewer,medical,image,pure,research,viewer,medical,research,pure,image,,,,,,,,,,,,,,,,,,,,,,,,,,,,,,,,,,,,,,,,,,,,,,,,,,,,,,,,,,,,,,,,,,,,,,,,,,,,,,,,,,,,,,,,,,,,,,,,,,,,,,,,,,
city,codeforamerica/click_that_hood,2013-02-01T23:01:52Z,city,game,users,fast,city,game,users,fast,,,,,,,,,,,,,,,,,,,,,,,,,,,,,,,,,,,,,,,,,,,,,,,,,,,,,,,,,,,,,,,,,,,,,,,,,,,,,,,,,,,,,,,,,,,,,,,,,,,,,,,,,,,,
construction,alibaba/dawn,2017-08-29T10:16:28Z,front-end,pipeline,task,nodejs,middleware,javascript,tool,build-tool,construction,build,lightweight,management,dawn,dawn-cli,pack,front-end,pipeline,task,nodejs,middleware,tool,build-tool,construction,build,lightweight,management,dawn,dawn-cli,pack,,,,,,,,,,,,,,,,,,,,,,,,,,,,,,,,,,,,,,,,,,,,,,,,,,,,,,,,,,,,,,,,,,,,,,,,,,,,,,,,,,,,,,,
farming,Storj/storjshare-daemon,2016-10-31T19:59:41Z,daemon,cli,farming,data,network,daemon,cli,farming,data,network,,,,,,,,,,,,,,,,,,,,,,,,,,,,,,,,,,,,,,,,,,,,,,,,,,,,,,,,,,,,,,,,,,,,,,,,,,,,,,,,,,,,,,,,,,,,,,,,,,,,,,,,,,
city,michael-lynch/open-weather,2013-08-28T15:58:12Z,city,plugin,simple,free,current,weather,lightweight,display,jquery,city,plugin,simple,api,free,current,weather,lightweight,openweathermap,display,,,,,,,,,,,,,,,,,,,,,,,,,,,,,,,,,,,,,,,,,,,,,,,,,,,,,,,,,,,,,,,,,,,,,,,,,,,,,,,,,,,,,,,,,,,,,,,,,
medical,FNNDSC/ami,2015-02-05T09:37:09Z,ami,threejs,fs,nifti-format,nifti,stl,dicom,medical,javascript,trk,nrrd,webgl,volume-rendering,xtk,vtk,dicom-images,ami,threejs,fs,nifti-format,nifti,stl,dicom,medical,trk,nrrd,js,webgl,toolkit,volume-rendering,xtk,vtk,dicom-images,,,,,,,,,,,,,,,,,,,,,,,,,,,,,,,,,,,,,,,,,,,,,,,,,,,,,,,,,,,,,,,,,,,,,,,,,,,,,,,,,,,
city,buche/leaflet-openweathermap,2013-03-20T17:35:42Z,layers,city,leaflet,library,current,maps,data,layers,current,leaflet,city,library,openweathermap,maps,data,,,,,,,,,,,,,,,,,,,,,,,,,,,,,,,,,,,,,,,,,,,,,,,,,,,,,,,,,,,,,,,,,,,,,,,,,,,,,,,,,,,,,,,,,,,,,,,,,,,,,
medical,medic/medic-webapp,2011-11-02T23:19:55Z,javascript,analytics,mobile,medical,couchdb,mhealth,internet,collection,phone,connectivity,health,systems,messaging,ehealth,data,workers,analytics,mobile,sms,medical,couchdb,mhealth,internet,collection,phone,connectivity,health,systems,messaging,ehealth,data,workers,,,,,,,,,,,,,,,,,,,,,,,,,,,,,,,,,,,,,,,,,,,,,,,,,,,,,,,,,,,,,,,,,,,,,,,,,,,,,,,,,,,,
medical,slicedrop/slicedrop.github.com,2012-04-26T13:35:47Z,web-based,viewer,data,medical,interactive,web-based,viewer,data,medical,interactive,,,,,,,,,,,,,,,,,,,,,,,,,,,,,,,,,,,,,,,,,,,,,,,,,,,,,,,,,,,,,,,,,,,,,,,,,,,,,,,,,,,,,,,,,,,,,,,,,,,,,,,,,,
city,jeromeetienne/threex.proceduralcity,2013-07-30T07:09:48Z,demo,city,js,generator,procedural,demo,city,js,generator,procedural,,,,,,,,,,,,,,,,,,,,,,,,,,,,,,,,,,,,,,,,,,,,,,,,,,,,,,,,,,,,,,,,,,,,,,,,,,,,,,,,,,,,,,,,,,,,,,,,,,,,,,,,,,
city,snollygolly/IsoCitySim,2015-03-17T04:01:37Z,city,isometric,phaser,isometric-tiles,tiles,simulation,game,concepts,city,isometric,phaser,isometric-tiles,tiles,simulation,game,concepts,,,,,,,,,,,,,,,,,,,,,,,,,,,,,,,,,,,,,,,,,,,,,,,,,,,,,,,,,,,,,,,,,,,,,,,,,,,,,,,,,,,,,,,,,,,,,,,,,,,,
city,alexa/skill-sample-nodejs-city-guide,2016-12-20T18:53:51Z,city,landmarks,build,news,city,alexa,landmarks,sample,build,news,,,,,,,,,,,,,,,,,,,,,,,,,,,,,,,,,,,,,,,,,,,,,,,,,,,,,,,,,,,,,,,,,,,,,,,,,,,,,,,,,,,,,,,,,,,,,,,,,,,,,,,,,,
city,newagebegins/BattleCity,2012-06-24T22:54:43Z,game,remake,city,game,remake,nes,,,,,,,,,,,,,,,,,,,,,,,,,,,,,,,,,,,,,,,,,,,,,,,,,,,,,,,,,,,,,,,,,,,,,,,,,,,,,,,,,,,,,,,,,,,,,,,,,,,,,,,,,,,,,,
medical,ninoguba/ionic-researchKit,2015-09-08T22:53:51Z,apps,create,hybrid,library,research,source,cross-platform,easy,open,medical,projects,native,apps,apple,framework,create,hybrid,library,research,source,cross-platform,easy,ionic,open,medical,projects,native,,,,,,,,,,,,,,,,,,,,,,,,,,,,,,,,,,,,,,,,,,,,,,,,,,,,,,,,,,,,,,,,,,,,,,,,,,,,,,,,,,,,,,,,,
hospital,IMA-WorldHealth/bhima-2.X,2016-01-05T08:30:30Z,information,management,nodejs,hospital,javascript,application,healthcare,rural-hospitals,information,management,nodejs,hospital,application,healthcare,rural-hospitals,,,,,,,,,,,,,,,,,,,,,,,,,,,,,,,,,,,,,,,,,,,,,,,,,,,,,,,,,,,,,,,,,,,,,,,,,,,,,,,,,,,,,,,,,,,,,,,,,,,,,
city,HsuanXyz/ionic2-city-picker,2017-02-08T15:47:37Z,picker,city,ionic,ionic2-city-picker,ionic2,picker,city,ionic,ionic2-city-picker,ionic2,,,,,,,,,,,,,,,,,,,,,,,,,,,,,,,,,,,,,,,,,,,,,,,,,,,,,,,,,,,,,,,,,,,,,,,,,,,,,,,,,,,,,,,,,,,,,,,,,,,,,,,,,,
construction,lihaoyi/scalatags,2012-11-01T21:35:17Z,small,construction,library,library,small,construction,scalatags,,,,,,,,,,,,,,,,,,,,,,,,,,,,,,,,,,,,,,,,,,,,,,,,,,,,,,,,,,,,,,,,,,,,,,,,,,,,,,,,,,,,,,,,,,,,,,,,,,,,,,,,,,,,,
construction,hseeberger/constructr,2015-10-16T16:31:20Z,akka-cluster,dynamic,environments,cluster,construction,containers,etcd,akka,cloud,akka-cluster,dynamic,environments,cluster,construction,containers,etcd,akka,cloud,,,,,,,,,,,,,,,,,,,,,,,,,,,,,,,,,,,,,,,,,,,,,,,,,,,,,,,,,,,,,,,,,,,,,,,,,,,,,,,,,,,,,,,,,,,,,,,,,,
medical,albarqouni/Deep-Learning-for-Medical-Applications,2017-03-11T12:28:04Z,deep-learning,medical-informatics,medical-imaging,awesome-list,medical,awesome-list,deep,deep-learning,medical-informatics,medical-imaging,analysis,learning,papers,image,,,,,,,,,,,,,,,,,,,,,,,,,,,,,,,,,,,,,,,,,,,,,,,,,,,,,,,,,,,,,,,,,,,,,,,,,,,,,,,,,,,,,,,,,,,,,,,,,,,,,,
construction,jesses/wck,2009-10-07T00:35:22Z,as3,engine,flash,box2d,alchemy,construction,world,physics,port,,,,,,,,,,,,,,,,,,,,,,,,,,,,,,,,,,,,,,,,,,,,,,,,,,,,,,,,,,,,,,,,,,,,,,,,,,,,,,,,,,,,,,,,,,,,,,,,,,,,,,,,,,,
construction,raph-amiard/clojurescript-lua,2012-06-15T18:02:54Z,lua,running,construction,clojurescript,running,construction,,,,,,,,,,,,,,,,,,,,,,,,,,,,,,,,,,,,,,,,,,,,,,,,,,,,,,,,,,,,,,,,,,,,,,,,,,,,,,,,,,,,,,,,,,,,,,,,,,,,,,,,,,,,,,
construction,parkerbennett/stackicons,2014-02-20T01:22:51Z,unique,multiple,option,button,social,kit,shapes,construction,brands,font,unique,multiple,option,button,social,shapes,construction,brands,font,icon,,,,,,,,,,,,,,,,,,,,,,,,,,,,,,,,,,,,,,,,,,,,,,,,,,,,,,,,,,,,,,,,,,,,,,,,,,,,,,,,,,,,,,,,,,,,,,,,
farming,Tanibox/tania,2017-06-02T21:40:33Z,symfony,tania,php,farm,open,system,symfony3,source,management,free,farming,agriculture,symfony,tania,farm,open,system,symfony3,source,management,free,farming,agriculture,,,,,,,,,,,,,,,,,,,,,,,,,,,,,,,,,,,,,,,,,,,,,,,,,,,,,,,,,,,,,,,,,,,,,,,,,,,,,,,,,,,,,,,,,,,,,
city,josauder/procedural_city_generation,2015-07-20T16:17:11Z,program,city,generation,program,blender,procedural,,,,,,,,,,,,,,,,,,,,,,,,,,,,,,,,,,,,,,,,,,,,,,,,,,,,,,,,,,,,,,,,,,,,,,,,,,,,,,,,,,,,,,,,,,,,,,,,,,,,,,,,,,,,,,
medical,DLTK/DLTK,2017-05-02T15:40:36Z,data-science,python,ml,deep-learning,deep-neural-networks,medical-imaging,neural-networks,machine-learning,tensorflow,learning,data-science,ml,medical,toolkit,deep,deep-learning,deep-neural-networks,medical-imaging,neural-networks,analysis,machine-learning,tensorflow,image,,,,,,,,,,,,,,,,,,,,,,,,,,,,,,,,,,,,,,,,,,,,,,,,,,,,,,,,,,,,,,,,,,,,,,,,,,,,,,,,,,,,,,,,,,,,,
medical,tariqdaouda/pyGeno,2014-09-26T00:04:58Z,genomics,biology,genometools,cancer,cancer-genomes,python,proteomics,medical,genome-sequencing,genome-browser,genomes,genome-annotation,cancer-genomics,genome,precision,bioinformatics,medicine,package,genomics,biology,genometools,cancer,cancer-genomes,proteomics,medical,genome-sequencing,genome-browser,genomes,genome-annotation,cancer-genomics,genome,precision,bioinformatics,medicine,package,,,,,,,,,,,,,,,,,,,,,,,,,,,,,,,,,,,,,,,,,,,,,,,,,,,,,,,,,,,,,,,,,,,,,,,,,,,,,,,,,
farming,OpenAgInitiative/openag_brain,2016-03-27T15:44:05Z,ros,package,food,couchdb,computer,controlling,farming,ros,package,food,couchdb,computer,controlling,farming,,,,,,,,,,,,,,,,,,,,,,,,,,,,,,,,,,,,,,,,,,,,,,,,,,,,,,,,,,,,,,,,,,,,,,,,,,,,,,,,,,,,,,,,,,,,,,,,,,,,,,
medical,OCA/vertical-medical,2014-06-25T12:57:22Z,python,medical,emr,odoo,healthcare,medical,odoo,system,source,emr,open,,,,,,,,,,,,,,,,,,,,,,,,,,,,,,,,,,,,,,,,,,,,,,,,,,,,,,,,,,,,,,,,,,,,,,,,,,,,,,,,,,,,,,,,,,,,,,,,,,,,,,,,,
medical,mattmacy/vnet.pytorch,2017-03-08T04:13:12Z,fully-convolutional-networks,implementation,convolutional-neural-networks,pytorch,lung-segmentation,semantic-segmentation,segmentation,fully-convolutional-networks,neural,implementation,medical,convolutional-neural-networks,pytorch,lung-segmentation,image,networks,semantic-segmentation,,,,,,,,,,,,,,,,,,,,,,,,,,,,,,,,,,,,,,,,,,,,,,,,,,,,,,,,,,,,,,,,,,,,,,,,,,,,,,,,,,,,,,,,,,,,,,,,,,,
medical,invesalius/invesalius3,2012-10-31T11:00:49Z,medical,reconstruction,software,medical,software,reconstruction,3d,,,,,,,,,,,,,,,,,,,,,,,,,,,,,,,,,,,,,,,,,,,,,,,,,,,,,,,,,,,,,,,,,,,,,,,,,,,,,,,,,,,,,,,,,,,,,,,,,,,,,,,,,,,,,
construction,brzrkr/Sublpress,2013-03-04T17:11:37Z,construction,manage,websites,plugin,text,manage,websites,construction,wordpress,sublime,,,,,,,,,,,,,,,,,,,,,,,,,,,,,,,,,,,,,,,,,,,,,,,,,,,,,,,,,,,,,,,,,,,,,,,,,,,,,,,,,,,,,,,,,,,,,,,,,,,,,,,,,,
city,pyladies/pyladies-kit,2011-06-28T01:56:55Z,city,open-source,conferences,social,mission,community,kit,education,events,city,open-source,conferences,social,mission,community,education,events,,,,,,,,,,,,,,,,,,,,,,,,,,,,,,,,,,,,,,,,,,,,,,,,,,,,,,,,,,,,,,,,,,,,,,,,,,,,,,,,,,,,,,,,,,,,,,,,,,,
medical,yihui-he/u-net,2016-06-29T07:46:30Z,segmentation,keras,medical,deep-neural-networks,medical-imaging,u-net,convolutional-networks,image-segmentation,image,segmentation,keras,medical,deep-neural-networks,medical-imaging,u-net,convolutional-networks,image-segmentation,image,,,,,,,,,,,,,,,,,,,,,,,,,,,,,,,,,,,,,,,,,,,,,,,,,,,,,,,,,,,,,,,,,,,,,,,,,,,,,,,,,,,,,,,,,,,,,,,,,,
city,narenaryan/Salary-API,2015-07-12T18:47:59Z,city,code,hour,employees,city,code,hour,chicago,employees,flask,api,,,,,,,,,,,,,,,,,,,,,,,,,,,,,,,,,,,,,,,,,,,,,,,,,,,,,,,,,,,,,,,,,,,,,,,,,,,,,,,,,,,,,,,,,,,,,,,,,,,,,,,,,
medical,loli/medpy,2012-05-11T10:57:34Z,image,processing,medical,image,,,,,,,,,,,,,,,,,,,,,,,,,,,,,,,,,,,,,,,,,,,,,,,,,,,,,,,,,,,,,,,,,,,,,,,,,,,,,,,,,,,,,,,,,,,,,,,,,,,,,,,,,,,,,,,,
construction,amitu/smarturls,2012-08-08T14:38:12Z,url,construction,helper,django,url,construction,helper,django,,,,,,,,,,,,,,,,,,,,,,,,,,,,,,,,,,,,,,,,,,,,,,,,,,,,,,,,,,,,,,,,,,,,,,,,,,,,,,,,,,,,,,,,,,,,,,,,,,,,,,,,,,,,
medical,ellisdg/3DUnetCNN,2017-02-01T19:24:34Z,segmentation,medical,image,segmentation,convolution,network,neural,medical,keras,u-net,cnn,image,3d,,,,,,,,,,,,,,,,,,,,,,,,,,,,,,,,,,,,,,,,,,,,,,,,,,,,,,,,,,,,,,,,,,,,,,,,,,,,,,,,,,,,,,,,,,,,,,,,,,,,,,,
medical,dreaswar/AuShadha,2012-08-24T18:35:07Z,medicine,small,dojo,management,emr,public,small,health,medicine,django,electronic,medical,,,,,,,,,,,,,,,,,,,,,,,,,,,,,,,,,,,,,,,,,,,,,,,,,,,,,,,,,,,,,,,,,,,,,,,,,,,,,,,,,,,,,,,,,,,,,,,,,,,,,,,,
construction,IlianIliev/ubuntu-fabric-and-django,2012-06-27T06:37:51Z,script,setup,creation,server,construction,deployment,projects,fabric,script,setup,creation,server,construction,deployment,django,projects,,,,,,,,,,,,,,,,,,,,,,,,,,,,,,,,,,,,,,,,,,,,,,,,,,,,,,,,,,,,,,,,,,,,,,,,,,,,,,,,,,,,,,,,,,,,,,,,,,,,
farming,openfarmcc/OpenFarm,2013-10-27T04:46:37Z,plants,gardening,open-source,database,free,rails,farming,open,knowledge,plants,gardening,open-source,database,free,rails,farming,open,knowledge,,,,,,,,,,,,,,,,,,,,,,,,,,,,,,,,,,,,,,,,,,,,,,,,,,,,,,,,,,,,,,,,,,,,,,,,,,,,,,,,,,,,,,,,,,,,,,,,,,
construction,jimweirich/re,2009-12-28T16:01:03Z,construction,expression,,,,,,,,,,,,,,,,,,,,,,,,,,,,,,,,,,,,,,,,,,,,,,,,,,,,,,,,,,,,,,,,,,,,,,,,,,,,,,,,,,,,,,,,,,,,,,,,,,,,,,,,,,,,,,,,,,
city,codeforamerica/citygram,2014-05-13T18:31:19Z,city,subscribe,city,,,,,,,,,,,,,,,,,,,,,,,,,,,,,,,,,,,,,,,,,,,,,,,,,,,,,,,,,,,,,,,,,,,,,,,,,,,,,,,,,,,,,,,,,,,,,,,,,,,,,,,,,,,,,,,,,
farming,ekylibre/ekylibre,2011-08-12T09:03:48Z,management,erp,ruby,mapping,opensource,world,farming,agriculture,rails-application,management,erp,mapping,opensource,world,farming,agriculture,rails-application,,,,,,,,,,,,,,,,,,,,,,,,,,,,,,,,,,,,,,,,,,,,,,,,,,,,,,,,,,,,,,,,,,,,,,,,,,,,,,,,,,,,,,,,,,,,,,,,,,,
city,monterail/zip-codes,2013-12-11T08:59:32Z,city,state,code,zip,city,state,code,zip,,,,,,,,,,,,,,,,,,,,,,,,,,,,,,,,,,,,,,,,,,,,,,,,,,,,,,,,,,,,,,,,,,,,,,,,,,,,,,,,,,,,,,,,,,,,,,,,,,,,,,,,,,,,
city,joecorcoran/cities,2011-09-20T14:28:58Z,city,data,world,data,city,,,,,,,,,,,,,,,,,,,,,,,,,,,,,,,,,,,,,,,,,,,,,,,,,,,,,,,,,,,,,,,,,,,,,,,,,,,,,,,,,,,,,,,,,,,,,,,,,,,,,,,,,,,,,,,
city,t-mw/citygen,2015-12-13T21:31:02Z,generation,city,demo,generation,city,demo,procedural,,,,,,,,,,,,,,,,,,,,,,,,,,,,,,,,,,,,,,,,,,,,,,,,,,,,,,,,,,,,,,,,,,,,,,,,,,,,,,,,,,,,,,,,,,,,,,,,,,,,,,,,,,,,,
construction,mikeizbicki/ucr-cs100,2014-06-26T19:38:10Z,course,source,construction,open,software,course,source,construction,open,software,,,,,,,,,,,,,,,,,,,,,,,,,,,,,,,,,,,,,,,,,,,,,,,,,,,,,,,,,,,,,,,,,,,,,,,,,,,,,,,,,,,,,,,,,,,,,,,,,,,,,,,,,,
city,skeeto/pixelcity,2009-05-05T17:12:44Z,project,city,procedural,project,city,procedural,,,,,,,,,,,,,,,,,,,,,,,,,,,,,,,,,,,,,,,,,,,,,,,,,,,,,,,,,,,,,,,,,,,,,,,,,,,,,,,,,,,,,,,,,,,,,,,,,,,,,,,,,,,,,,
city,karimnaaji/vectiler,2015-11-01T23:21:15Z,openstreetmap,city,computer-graphics,exporter,models,builder,terrain,vector-tiles,tile,vector,osm,srtm,cpp,model,3d,city-builder,openstreetmap,city,computer-graphics,exporter,models,builder,terrain,vector-tiles,tile,vector,osm,srtm,model,3d,city-builder,,,,,,,,,,,,,,,,,,,,,,,,,,,,,,,,,,,,,,,,,,,,,,,,,,,,,,,,,,,,,,,,,,,,,,,,,,,,,,,,,,,,,
construction,vczh-libraries/Vlpp,2015-04-01T00:42:05Z,container,string,generator,generic,parser,linq,construction,operation,multithreading,reflection,container,string,generator,generic,parser,linq,construction,common,operation,multithreading,reflection,,,,,,,,,,,,,,,,,,,,,,,,,,,,,,,,,,,,,,,,,,,,,,,,,,,,,,,,,,,,,,,,,,,,,,,,,,,,,,,,,,,,,,,,,,,,,,,
construction,numenta/nupic.core,2014-01-30T02:13:40Z,construction,algorithms,core,core,implementation,construction,algorithms,,,,,,,,,,,,,,,,,,,,,,,,,,,,,,,,,,,,,,,,,,,,,,,,,,,,,,,,,,,,,,,,,,,,,,,,,,,,,,,,,,,,,,,,,,,,,,,,,,,,,,,,,,,,,
medical,commontk/CTK,2010-06-14T15:23:41Z,code,set,cmake,qt,c-plus-plus,python,dicom,vtk,common,medical-imaging,navigation,plugin-manager,osgi,medical,support,itk,code,set,qt,c-plus-plus,dicom,vtk,common,medical-imaging,navigation,plugin-manager,osgi,medical,support,itk,,,,,,,,,,,,,,,,,,,,,,,,,,,,,,,,,,,,,,,,,,,,,,,,,,,,,,,,,,,,,,,,,,,,,,,,,,,,,,,,,,,,,,
city,freeserf/freeserf,2011-06-21T21:28:03Z,game,clone,remake,serf,city,game,clone,remake,,,,,,,,,,,,,,,,,,,,,,,,,,,,,,,,,,,,,,,,,,,,,,,,,,,,,,,,,,,,,,,,,,,,,,,,,,,,,,,,,,,,,,,,,,,,,,,,,,,,,,,,,,,,
medical,MITK/MITK,2011-05-17T13:21:51Z,dicom-rt,dicom,medical-image-computing,medical-imaging,mitk,dicom-browser,cpp-library,interaction,dicom-rt,dicom,medical,toolkit,medical-image-computing,medical-imaging,mitk,dicom-browser,cpp-library,,,,,,,,,,,,,,,,,,,,,,,,,,,,,,,,,,,,,,,,,,,,,,,,,,,,,,,,,,,,,,,,,,,,,,,,,,,,,,,,,,,,,,,,,,,,,,,,,,,
construction,danielaparker/jsoncons,2013-05-08T23:48:08Z,construction,modern,header-only,library,cbor,modern,library,patch,json,construction,header-only,csv,pointer,messagepack,jsonpath,,,,,,,,,,,,,,,,,,,,,,,,,,,,,,,,,,,,,,,,,,,,,,,,,,,,,,,,,,,,,,,,,,,,,,,,,,,,,,,,,,,,,,,,,,,,,,,,,,,,,
construction,Forceflow/ooc_svo_builder,2013-08-03T22:09:34Z,implementation,reference,voxel,reference,implementation,construction,sparse,,,,,,,,,,,,,,,,,,,,,,,,,,,,,,,,,,,,,,,,,,,,,,,,,,,,,,,,,,,,,,,,,,,,,,,,,,,,,,,,,,,,,,,,,,,,,,,,,,,,,,,,,,,,,
medical,horosproject/horos,2015-01-30T19:06:39Z,available,develop,viewer,functional,free,libraries,source,image,open,medical,64-bit,available,libraries,develop,os,license,gnu,viewer,functional,free,public,project,source,version,image,x,open,medical,64-bit,,,,,,,,,,,,,,,,,,,,,,,,,,,,,,,,,,,,,,,,,,,,,,,,,,,,,,,,,,,,,,,,,,,,,,,,,,,,,,,,,,,,,,,
medical,SuperElastix/SimpleElastix,2014-11-20T09:51:10Z,image-registration,medical,library,simpleitk,image,registration,elastix,image-registration,medical,library,simpleitk,image,registration,elastix,,,,,,,,,,,,,,,,,,,,,,,,,,,,,,,,,,,,,,,,,,,,,,,,,,,,,,,,,,,,,,,,,,,,,,,,,,,,,,,,,,,,,,,,,,,,,,,,,,,,,,
medical,sofa-framework/sofa,2016-05-31T12:57:59Z,engine,medical,simulation,framework,real-time,cpp,research,physics,engine,medical,simulation,framework,real-time,research,physics,,,,,,,,,,,,,,,,,,,,,,,,,,,,,,,,,,,,,,,,,,,,,,,,,,,,,,,,,,,,,,,,,,,,,,,,,,,,,,,,,,,,,,,,,,,,,,,,,,,,,
city,lincity-ng/lincity-ng,2015-03-13T23:47:26Z,city,game,simulation,,,,,,,,,,,,,,,,,,,,,,,,,,,,,,,,,,,,,,,,,,,,,,,,,,,,,,,,,,,,,,,,,,,,,,,,,,,,,,,,,,,,,,,,,,,,,,,,,,,,,,,,,,,,,,,,,
construction,fc731097343/efanna,2016-09-01T13:17:08Z,graph,search,construction,library,fast,knn,search,graph,ann,library,construction,fast,,,,,,,,,,,,,,,,,,,,,,,,,,,,,,,,,,,,,,,,,,,,,,,,,,,,,,,,,,,,,,,,,,,,,,,,,,,,,,,,,,,,,,,,,,,,,,,,,,,,,,,,
construction,mabrarov/asio_samples,2012-10-30T13:50:37Z,asio,code,network,c-plus-plus,top,creation,object,client,usage,construction,asynchronous,objects,samples,pattern,active,server,boost,guide,code,creation,asynchronous,examples,asio,network,pattern,top,libraries,samples,usage,construction,boost,object,objects,active,c-plus-plus,server,client,guide,,,,,,,,,,,,,,,,,,,,,,,,,,,,,,,,,,,,,,,,,,,,,,,,,,,,,,,,,,,,,,,,,,,,,,,,,,,,,,
medical,gadgetron/gadgetron,2014-11-14T18:44:25Z,framework,medical,image,reconstruction,,,,,,,,,,,,,,,,,,,,,,,,,,,,,,,,,,,,,,,,,,,,,,,,,,,,,,,,,,,,,,,,,,,,,,,,,,,,,,,,,,,,,,,,,,,,,,,,,,,,,,,,,,,,,,,,
city,DK22Pac/plugin-sdk,2014-03-16T16:40:08Z,gta-vc,gta3,grandtheftauto,plugin-sdk,gta-san-andreas,grand-theft-auto,gta-sa,gta-vice-city,gtavc,plugins,vice-city,asi,gtasa,gta-iii,san-andreas,gta-vc,gta,andreas,san,gta3,grandtheftauto,plugin-sdk,gta-san-andreas,grand-theft-auto,gta-sa,city,gta-vice-city,gtavc,plugins,vice-city,asi,gtasa,gta-iii,san-andreas,sdk,,,,,,,,,,,,,,,,,,,,,,,,,,,,,,,,,,,,,,,,,,,,,,,,,,,,,,,,,,,,,,,,,,,,,,,,,,,,,,,,,
hospital,CorsixTH/CorsixTH-Graphics,2013-11-01T16:13:34Z,replace,graphics,hospital,replace,theme,graphics,new,,,,,,,,,,,,,,,,,,,,,,,,,,,,,,,,,,,,,,,,,,,,,,,,,,,,,,,,,,,,,,,,,,,,,,,,,,,,,,,,,,,,,,,,,,,,,,,,,,,,,,,,,,,,,
construction,Zewo/Reflection,2016-05-03T15:37:57Z,runtime,server-side-swift,reflection,ios,dynamic,mirroring,server,introspection,construction,linux,swiftpm,swift,types,runtime,server-side-swift,reflection,ios,dynamic,mirroring,server,introspection,construction,linux,swiftpm,types,,,,,,,,,,,,,,,,,,,,,,,,,,,,,,,,,,,,,,,,,,,,,,,,,,,,,,,,,,,,,,,,,,,,,,,,,,,,,,,,,,,,,,,,,,,